table id,name,phone number,Location,Emp. Group,Function,Gender ,Tenure,Tenure Grp.,Experience (YY.MM),Marital Status,Age in YY.,Hiring Source,Promoted/Non Promoted,Job Role Match,Stay/Left
11,sid,9876544345,Noida,B1,Operation,Male,0.01,< =1,0.1,Single,27.1,Direct,Non Promoted,No,Left
376,Arnab,9876544345,Noida,B2,Operation,Female,1.04,> 1 & < =3,5.0,Single,27.06,Direct,Promoted,No,Left
248,Dwane,9876544345,Bangalore,B2,Operation,Female,1.0,< =1,4.0,Single,25.01,Direct,Non Promoted,Yes,Stay
389,Arnab,9876544345,Noida,B2,Operation,Male,1.04,> 1 & < =3,7.05,Single,30.02,Direct,Non Promoted,Yes,Stay
434,Arnab,9876544345,Bangalore,B2,Operation,Female,1.06,> 1 & < =3,5.1,Single,27.1,Direct,Non Promoted,Yes,Stay
877,Shiv,9876544345,Noida,B2,Operation,Male,3.0,> 1 & < =3,7.0,Single,31.11,Agency,Promoted,Yes,Stay
119,Dwane,9876544345,Pune,B2,Operation,Male,0.08,< =1,6.08,Single,27.04,Direct,Promoted,No,Left
293,Arnab,9876544345,Noida,B1,Operation,Male,1.02,> 1 & < =3,1.02,Single,24.01,Direct,Non Promoted,Yes,Stay
829,Shiv,9876544345,Pune,B2,Operation,Male,2.1,> 1 & < =3,10.06,Marr.,38.09,Agency,Promoted,No,Stay
30,shruti,9876544345,Chennai,B1,Operation,Male,0.03,< =1,5.03,Single,27.03,Direct,Promoted,No,Left
56,shruti,9876544345,Chennai,B1,Operation,Male,0.05,< =1,2.11,Single,25.01,Direct,Non Promoted,Yes,Stay
421,Arnab,9876544345,Pune,B4,Operation,Male,1.06,> 1 & < =3,13.08,Marr.,37.09,Direct,Promoted,No,Stay
657,Papu,9876544345,Chennai,B1,Operation,Male,2.05,> 1 & < =3,2.05,Single,24.03,Direct,Non Promoted,No,Left
845,Shiv,9876544345,Chennai,B2,Operation,Male,2.11,> 1 & < =3,8.11,Marr.,31.04,Employee Referral,Non Promoted,Yes,Stay
894,Rahul,9876544345,Hyderabad,B1,Operation,Female,0.06,< =1,,NTBD,30.0,Direct,Promoted,No,Stay
197,Dwane,9876544345,Pune,B1,Operation,other,0.11,< =1,3.0,Single,25.08,Direct,Non Promoted,Yes,Stay
371,Arnab,9876544345,Hyderabad,B1,Operation,Male,1.04,> 1 & < =3,2.05,Single,23.07,Employee Referral,Promoted,Yes,Stay
82,shruti,9876544345,Pune,B2,Operation,Female,0.06,< =1,4.11,Single,25.02,Agency,Promoted,No,Left
333,Arnab,9876544345,Noida,B1,Support,Male,1.03,> 1 & < =3,1.03,Single,24.09,Direct,Non Promoted,No,Left
378,Arnab,9876544345,Bangalore,B2,Operation,Female,1.05,> 1 & < =3,10.07,Marr.,37.06,Direct,Promoted,No,Stay
824,Shiv,9876544345,Hyderabad,B2,Operation,Female,2.1,> 1 & < =3,8.0,Marr.,30.09,Employee Referral,Non Promoted,Yes,Stay
332,Arnab,9876544345,Noida,B1,Operation,Female,1.03,> 1 & < =3,4.03,Single,27.04,Direct,Non Promoted,Yes,Stay
790,Shiv,9876544345,Chennai,B1,Operation,Male,2.09,> 1 & < =3,3.05,Single,27.07,Direct,Non Promoted,Yes,Stay
548,Arnab,9876544345,Hyderabad,B2,Operation,Male,1.11,> 1 & < =3,12.02,Marr.,36.1,Direct,Non Promoted,Yes,Stay
650,Papu,9876544345,Bangalore,B1,Operation,Female,2.03,> 1 & < =3,5.1,Marr.,29.07,Employee Referral,Non Promoted,Yes,Stay
427,Arnab,9876544345,Chennai,B3,Operation,Male,1.05,> 1 & < =3,13.1,Marr.,37.11,Direct,Promoted,No,Stay
267,Arnab,9876544345,Noida,B1,Support,Male,1.01,> 1 & < =3,3.04,Single,26.05,Direct,Non Promoted,Yes,Stay
732,Papu,9876544345,Chennai,B1,Operation,Male,2.08,> 1 & < =3,2.08,Marr.,30.08,Direct,Promoted,Yes,Stay
360,Arnab,9876544345,Noida,B1,Operation,Female,1.04,> 1 & < =3,5.08,Single,28.03,Direct,Promoted,No,Left
880,Shiv,9876544345,Chennai,B1,Operation,Male,0.0,< =1,3.07,Single,27.08,Direct,Non Promoted,No,Left
779,Shiv,9876544345,Noida,B2,Operation,Male,2.08,> 1 & < =3,11.03,Marr.,36.01,Direct,Promoted,Yes,Stay
801,Shiv,9876544345,Pune,B1,Operation,Male,2.1,> 1 & < =3,3.1,Single,26.03,Direct,Promoted,Yes,Stay
397,Arnab,9876544345,Hyderabad,B2,Operation,Male,1.05,> 1 & < =3,8.11,Marr.,31.04,Direct,Promoted,No,Stay
530,Arnab,9876544345,Hyderabad,B1,Operation,Male,2.01,> 1 & < =3,2.0,Single,26.03,Direct,Promoted,No,Left
840,Shiv,9876544345,Noida,B1,Operation,Female,2.11,> 1 & < =3,2.11,Single,26.04,Direct,Non Promoted,Yes,Stay
417,Arnab,9876544345,Noida,B1,Operation,Male,1.06,> 1 & < =3,2.04,Single,24.02,Direct,Promoted,No,Left
555,Arnab,9876544345,Hyderabad,B1,Operation,Male,2.01,> 1 & < =3,2.01,Single,25.07,Direct,Non Promoted,Yes,Stay
303,Arnab,9876544345,Noida,B2,Operation,Male,1.02,> 1 & < =3,6.02,Single,29.02,Direct,Non Promoted,Yes,Stay
479,Arnab,9876544345,Noida,B1,Support,Female,1.08,> 1 & < =3,2.11,Marr.,26.12,Direct,Promoted,No,Left
295,Arnab,9876544345,Bangalore,B2,Operation,Female,1.02,> 1 & < =3,11.05,Marr.,32.08,Direct,Promoted,No,Stay
8,sid,9876544345,Bangalore,B2,Operation,Male,0.01,< =1,5.11,Marr.,30.11,Agency,Promoted,No,Left
240,Dwane,9876544345,Pune,B3,Operation,Male,1.0,< =1,9.01,Marr.,37.07,Agency,Promoted,No,Stay
156,Dwane,9876544345,Noida,B1,Operation,Male,0.09,< =1,2.1,Single,25.11,Direct,Non Promoted,No,Left
787,Shiv,9876544345,Lucknow,B1,Support,Male,2.08,> 1 & < =3,5.0,Single,27.1,Direct,Promoted,No,Left
433,Arnab,9876544345,Pune,B1,Operation,Male,1.06,> 1 & < =3,4.06,Single,27.06,Direct,Non Promoted,No,Left
102,Dwane,9876544345,Chennai,B1,Operation,Male,0.08,< =1,3.02,Single,27.07,Direct,Promoted,Yes,Stay
200,Dwane,9876544345,Pune,B3,Operation,Male,0.11,< =1,11.08,Marr.,34.0,Direct,Non Promoted,Yes,Stay
736,Papu,9876544345,Bangalore,B2,Operation,Female,2.06,> 1 & < =3,3.06,Single,27.01,Direct,Promoted,No,Left
351,Arnab,9876544345,Bangalore,B1,Operation,Female,1.03,> 1 & < =3,2.06,Single,23.08,Direct,Non Promoted,Yes,Stay
697,Papu,9876544345,Bangalore,B1,Operation,Male,2.05,> 1 & < =3,2.05,Marr.,30.06,Direct,Non Promoted,Yes,Stay
383,Arnab,9876544345,Chennai,B2,Operation,Female,1.04,> 1 & < =3,9.04,Marr.,31.01,Direct,Non Promoted,Yes,Stay
571,Papu,9876544345,Bangalore,B1,Operation,Male,2.0,> 1 & < =3,6.0,Single,29.05,Direct,Non Promoted,Yes,Stay
363,Arnab,9876544345,Noida,B1,Operation,Male,1.04,> 1 & < =3,4.07,Single,27.02,Direct,Promoted,No,Left
797,Shiv,9876544345,Noida,B1,Support,Male,2.09,> 1 & < =3,3.01,Single,29.06,Employee Referral,Promoted,No,Stay
322,Arnab,9876544345,Hyderabad,B1,Operation,Male,1.08,> 1 & < =3,1.08,Single,25.07,Direct,Non Promoted,Yes,Stay
3,sid,9876544345,Bangalore,B3,Operation,Male,0.01,< =1,16.05,Marr.,36.04,Direct,Promoted,Yes,Stay
889,Rahul,9876544345,Chennai,B1,Support,Male,1.07,> 1 & < =3,4.09,Single,27.11,Direct,Promoted,No,Left
513,Arnab,9876544345,Chennai,B2,Operation,Male,1.1,> 1 & < =3,3.03,Single,26.07,Direct,Non Promoted,Yes,Stay
266,Arnab,9876544345,Chennai,B2,Operation,Male,1.0,< =1,5.0,Single,28.04,Direct,Non Promoted,Yes,Stay
639,Papu,9876544345,Bangalore,B1,Operation,Female,2.02,> 1 & < =3,4.02,Single,25.06,Direct,Non Promoted,Yes,Stay
159,Dwane,9876544345,Hyderabad,B2,Operation,Female,0.09,< =1,6.09,Marr.,28.05,Agency,Promoted,No,Stay
523,Arnab,9876544345,Bangalore,B1,Operation,Female,1.1,> 1 & < =3,4.0,Marr.,36.09,Direct,Promoted,Yes,Stay
839,Shiv,9876544345,Chennai,B1,Operation,Female,2.11,> 1 & < =3,2.11,Single,25.05,Direct,Non Promoted,Yes,Stay
569,Papu,9876544345,Madurai,B1,Operation,Male,2.0,> 1 & < =3,5.02,Single,26.07,Direct,Promoted,No,Left
335,Arnab,9876544345,Bangalore,B2,Operation,Male,1.03,> 1 & < =3,8.03,Marr.,30.05,Direct,Non Promoted,Yes,Stay
901,Rahul,9876544345,Vijayawada,B1,Operation,Female,0.03,< =1,0.03,Single,22.02,Direct,Non Promoted,Yes,Stay
526,Arnab,9876544345,Bangalore,B1,Operation,Female,1.11,> 1 & < =3,4.02,Marr.,26.08,Employee Referral,Promoted,No,Stay
440,Arnab,9876544345,Bangalore,B1,Operation,Male,1.06,> 1 & < =3,7.08,Single,28.02,Direct,Promoted,No,Stay
528,Arnab,9876544345,Lucknow,B2,Operation,Male,1.1,> 1 & < =3,11.03,Marr.,44.04,Direct,Non Promoted,Yes,Stay
412,Arnab,9876544345,Noida,B1,Operation,Male,1.05,> 1 & < =3,5.1,Single,28.06,Direct,Non Promoted,Yes,Stay
804,Shiv,9876544345,Bangalore,B1,Operation,Male,2.1,> 1 & < =3,3.0,Single,26.09,Direct,Promoted,Yes,Stay
362,Arnab,9876544345,Lucknow,B1,Operation,Female,1.04,> 1 & < =3,2.04,Single,24.08,Direct,Non Promoted,Yes,Stay
864,Shiv,9876544345,Noida,B2,Operation,Male,3.0,> 1 & < =3,5.08,Single,30.0,Direct,Non Promoted,No,Left
815,Shiv,9876544345,Chennai,B2,Operation,Male,2.1,> 1 & < =3,8.1,Marr.,32.06,Direct,Promoted,Yes,Stay
661,Papu,9876544345,Madurai,B1,Operation,Male,2.04,> 1 & < =3,5.08,Single,29.1,Direct,Promoted,No,Left
213,Dwane,9876544345,Bangalore,B1,Operation,Female,0.11,< =1,4.05,Single,27.04,Direct,Non Promoted,Yes,Stay
80,shruti,9876544345,Pune,B1,Operation,Male,0.06,< =1,6.07,Single,28.06,Direct,Non Promoted,Yes,Stay
149,Dwane,9876544345,Chennai,B2,Operation,Male,0.09,< =1,9.02,Marr.,32.03,Direct,Non Promoted,No,Stay
500,Arnab,9876544345,Bangalore,B2,Operation,Female,1.09,> 1 & < =3,6.02,Single,29.11,Direct,Promoted,No,Stay
590,Papu,9876544345,Lucknow,B2,Operation,Male,2.01,> 1 & < =3,8.1,Marr.,39.04,Direct,Promoted,Yes,Stay
276,Arnab,9876544345,Chennai,B1,Operation,Male,1.01,> 1 & < =3,3.03,Single,24.1,Agency,Promoted,No,Left
454,Arnab,9876544345,Pune,B1,Operation,Female,1.07,> 1 & < =3,4.03,Single,29.05,Direct,Promoted,No,Left
809,Shiv,9876544345,Lucknow,B2,Support,Female,2.09,> 1 & < =3,8.02,Marr.,31.03,Direct,Non Promoted,No,Left
134,Dwane,9876544345,Nagpur,B1,Operation,Male,0.08,< =1,0.08,Single,24.02,Direct,Non Promoted,No,Left
603,Papu,9876544345,Bangalore,B2,Operation,Female,2.01,> 1 & < =3,10.01,Marr.,34.05,Direct,Promoted,No,Stay
550,Arnab,9876544345,Bangalore,B2,Operation,Male,2.0,> 1 & < =3,8.0,Single,30.1,Direct,Non Promoted,Yes,Stay
352,Arnab,9876544345,Hyderabad,B1,Operation,Male,1.04,> 1 & < =3,3.1,Single,26.03,Direct,Promoted,No,Left
721,Papu,9876544345,Lucknow,B2,Operation,Male,2.06,> 1 & < =3,7.0,Single,35.08,Direct,Non Promoted,Yes,Stay
715,Papu,9876544345,Chennai,B2,Operation,Male,2.06,> 1 & < =3,7.01,Marr.,31.04,Direct,Non Promoted,Yes,Stay
466,Arnab,9876544345,Chennai,B1,Operation,Male,1.07,> 1 & < =3,5.07,Single,27.04,Direct,Promoted,No,Left
364,Arnab,9876544345,Nagpur,B1,Operation,Female,1.04,> 1 & < =3,4.06,Single,29.09,Direct,Promoted,No,Left
597,Papu,9876544345,Chennai,B1,Operation,Male,2.01,> 1 & < =3,6.07,Single,30.11,Direct,Promoted,No,Stay
774,Shiv,9876544345,Chennai,B1,Operation,Male,2.09,> 1 & < =3,2.11,Single,24.06,Direct,Non Promoted,Yes,Stay
299,Arnab,9876544345,Chennai,B1,Operation,Male,1.02,> 1 & < =3,2.03,Single,24.03,Agency,Promoted,No,Left
173,Dwane,9876544345,Noida,B2,Operation,Male,0.1,< =1,8.1,Single,31.01,Agency,Promoted,No,Left
588,Papu,9876544345,Pune,B1,Operation,Male,2.04,> 1 & < =3,2.04,Single,27.02,Direct,Non Promoted,Yes,Stay
320,Arnab,9876544345,Kolkata,B1,Operation,Female,1.03,> 1 & < =3,5.11,Single,28.1,Direct,Non Promoted,Yes,Stay
600,Papu,9876544345,Noida,B1,Operation,Female,2.02,> 1 & < =3,2.02,Marr.,26.11,Direct,Promoted,Yes,Stay
811,Shiv,9876544345,Chennai,B2,Operation,Female,2.09,> 1 & < =3,3.09,Marr.,27.05,Direct,Non Promoted,Yes,Stay
91,shruti,9876544345,Noida,B2,Operation,Male,0.06,< =1,8.01,Marr.,36.1,Direct,Promoted,No,Left
844,Shiv,9876544345,Madurai,B1,Operation,Male,2.11,> 1 & < =3,2.11,Single,26.09,Direct,Non Promoted,No,Left
182,Dwane,9876544345,Noida,B2,Operation,Male,0.1,< =1,4.01,Single,28.03,Employee Referral,Non Promoted,Yes,Stay
498,Arnab,9876544345,Chennai,B1,Operation,Male,1.09,> 1 & < =3,6.04,Single,30.03,Direct,Non Promoted,Yes,Stay
805,Shiv,9876544345,Hyderabad,B1,Operation,Male,2.1,> 1 & < =3,3.04,Marr.,28.04,Direct,Promoted,No,Left
70,shruti,9876544345,Chennai,B1,Operation,Female,0.05,< =1,1.05,Single,23.1,Direct,Promoted,Yes,Stay
132,Dwane,9876544345,Hyderabad,B1,Operation,Male,0.08,< =1,,NTBD,23.09,Direct,Non Promoted,No,Left
432,Arnab,9876544345,Chennai,B1,Operation,Male,1.06,> 1 & < =3,4.06,Single,26.01,Direct,Promoted,Yes,Stay
483,Arnab,9876544345,Noida,B2,Operation,Male,1.07,> 1 & < =3,7.03,Marr.,30.11,Direct,Promoted,No,Stay
136,Dwane,9876544345,Bangalore,B1,Operation,other,0.09,< =1,5.02,Single,28.02,Direct,Non Promoted,No,Left
165,Dwane,9876544345,Noida,B2,Operation,Male,0.1,< =1,7.1,Marr.,39.0,Direct,Non Promoted,No,Stay
29,shruti,9876544345,Hyderabad,B1,Operation,Male,0.03,< =1,,NTBD,32.08,Direct,Non Promoted,No,Stay
750,Papu,9876544345,Chennai,B2,Operation,Female,2.07,> 1 & < =3,12.08,Marr.,35.0,Employee Referral,Promoted,No,Left
194,Dwane,9876544345,Chennai,B1,Operation,Male,0.11,< =1,5.11,Single,34.08,Agency,Non Promoted,No,Left
368,Arnab,9876544345,Noida,B1,Support,Male,1.04,> 1 & < =3,6.0,Marr.,30.04,Direct,Promoted,Yes,Stay
579,Papu,9876544345,Chennai,B1,Operation,Female,2.01,> 1 & < =3,7.01,Marr.,37.05,Direct,Non Promoted,Yes,Stay
170,Dwane,9876544345,Chennai,B2,Operation,Male,0.1,< =1,6.04,Single,28.05,Direct,Non Promoted,Yes,Stay
823,Shiv,9876544345,Bangalore,B2,Operation,Male,2.1,> 1 & < =3,8.02,Marr.,33.11,Agency,Non Promoted,Yes,Stay
141,Dwane,9876544345,Madurai,B2,Operation,Male,0.09,< =1,10.09,Marr.,33.07,Direct,Non Promoted,No,Left
174,Dwane,9876544345,Chennai,B1,Operation,Male,0.11,< =1,1.11,Single,24.09,Agency,Promoted,No,Left
7,sid,9876544345,Pune,B2,Operation,Female,0.01,< =1,5.02,Single,28.02,Agency,Promoted,No,Stay
583,Papu,9876544345,Chennai,B1,Operation,Female,2.02,> 1 & < =3,2.02,Single,24.09,Direct,Promoted,Yes,Stay
395,Arnab,9876544345,Bangalore,B1,Operation,Male,1.05,> 1 & < =3,2.01,Single,25.11,Direct,Promoted,No,Left
74,shruti,9876544345,Hyderabad,B3,Operation,Male,0.06,< =1,8.06,Marr.,33.03,Agency,Non Promoted,Yes,Stay
719,Papu,9876544345,Bangalore,B1,Operation,Male,2.05,> 1 & < =3,4.1,Single,26.07,Direct,Non Promoted,No,Left
334,Arnab,9876544345,Chennai,B2,Operation,Male,1.03,> 1 & < =3,12.03,Marr.,35.08,Direct,Promoted,No,Stay
463,Arnab,9876544345,Noida,B2,Operation,Male,1.07,> 1 & < =3,6.03,Single,28.03,Direct,Non Promoted,No,Stay
146,Dwane,9876544345,Noida,B1,Support,Male,0.09,< =1,1.09,Marr.,28.11,Direct,Non Promoted,No,Left
235,Dwane,9876544345,Bangalore,B1,Operation,Female,1.0,< =1,6.01,Marr.,30.03,Direct,Non Promoted,Yes,Stay
221,Dwane,9876544345,Bangalore,B1,Operation,Male,1.0,< =1,6.06,Single,38.1,Agency,Non Promoted,No,Left
707,Papu,9876544345,Noida,B1,Operation,Male,2.06,> 1 & < =3,2.06,Single,25.03,Direct,Non Promoted,Yes,Stay
596,Papu,9876544345,Noida,B1,Operation,Female,2.02,> 1 & < =3,2.02,Single,25.04,Direct,Promoted,No,Stay
133,Dwane,9876544345,Chennai,B1,Operation,Male,0.08,< =1,1.08,Marr.,30.06,Direct,Non Promoted,Yes,Stay
465,Arnab,9876544345,Noida,B0,Support,Male,1.07,> 1 & < =3,1.07,Single,27.04,Direct,Promoted,No,Left
680,Papu,9876544345,Chennai,B1,Operation,Male,2.07,> 1 & < =3,2.07,Single,24.06,Direct,Promoted,No,Left
186,Dwane,9876544345,Chennai,B1,Operation,Male,0.11,< =1,2.02,Single,23.06,Agency,Non Promoted,No,Left
42,shruti,9876544345,Bangalore,B1,Operation,Male,0.04,< =1,0.04,Single,25.06,Direct,Non Promoted,Yes,Stay
553,Arnab,9876544345,Bangalore,B1,Operation,Male,2.02,> 1 & < =3,2.02,Single,24.11,Direct,Non Promoted,Yes,Stay
109,Dwane,9876544345,Bangalore,B1,Operation,Male,0.08,< =1,3.1,Single,27.06,Agency,Promoted,No,Left
429,Arnab,9876544345,Pune,B1,Operation,Male,1.06,> 1 & < =3,5.02,Single,27.04,Agency,Promoted,No,Stay
57,shruti,9876544345,Noida,B3,Operation,Male,0.05,< =1,12.05,Marr.,37.07,Agency,Promoted,No,Stay
328,Arnab,9876544345,Noida,B2,Operation,Male,1.03,> 1 & < =3,8.03,Marr.,35.07,Employee Referral,Non Promoted,Yes,Stay
353,Arnab,9876544345,Noida,B3,Support,Female,1.03,> 1 & < =3,15.05,Marr.,37.03,Agency,Non Promoted,No,Left
507,Arnab,9876544345,Bangalore,B2,Operation,Male,1.09,> 1 & < =3,11.09,Marr.,36.07,Agency,Non Promoted,Yes,Stay
25,shruti,9876544345,Hyderabad,B3,Operation,Male,0.02,< =1,11.02,Marr.,39.06,Direct,Non Promoted,Yes,Stay
361,Arnab,9876544345,Noida,B2,Operation,Male,1.04,> 1 & < =3,8.01,Marr.,32.07,Direct,Promoted,Yes,Stay
437,Arnab,9876544345,Bangalore,B1,Operation,Female,1.06,> 1 & < =3,2.11,Marr.,25.07,Direct,Non Promoted,Yes,Stay
443,Arnab,9876544345,Noida,B2,Operation,Male,1.07,> 1 & < =3,1.07,Single,25.11,Direct,Non Promoted,Yes,Stay
52,shruti,9876544345,Noida,B1,Operation,Male,0.04,< =1,1.06,Single,25.04,Agency,Non Promoted,Yes,Stay
634,Papu,9876544345,Chennai,B1,Operation,Male,2.03,> 1 & < =3,2.03,Single,26.0,Direct,Promoted,Yes,Stay
826,Shiv,9876544345,Bangalore,B1,Operation,Male,2.1,> 1 & < =3,2.1,Single,24.1,Direct,Non Promoted,Yes,Stay
742,Papu,9876544345,Madurai,B1,Operation,Female,2.07,> 1 & < =3,2.07,Marr.,28.06,Direct,Promoted,Yes,Stay
265,Arnab,9876544345,Chennai,B1,Operation,Female,1.01,> 1 & < =3,4.05,Marr.,30.11,Agency,Non Promoted,Yes,Stay
445,Arnab,9876544345,Lucknow,B1,Operation,Male,1.06,> 1 & < =3,3.08,Single,26.08,Direct,Promoted,No,Left
619,Papu,9876544345,Chennai,B1,Operation,Female,2.02,> 1 & < =3,2.02,Single,24.01,Direct,Non Promoted,Yes,Stay
418,Arnab,9876544345,Hyderabad,B1,Operation,Male,1.05,> 1 & < =3,3.11,Single,26.11,Direct,Non Promoted,Yes,Stay
358,Arnab,9876544345,Bangalore,B2,Operation,Male,1.04,> 1 & < =3,8.04,Single,29.06,Direct,Promoted,Yes,Stay
19,sid,9876544345,Noida,B2,Operation,Male,0.02,< =1,4.09,Single,31.09,Direct,Promoted,No,Left
784,Shiv,9876544345,Noida,B1,Operation,Male,2.09,> 1 & < =3,3.11,Single,26.06,Employee Referral,Promoted,No,Left
345,Arnab,9876544345,Chennai,B1,Operation,Male,1.03,> 1 & < =3,1.03,Single,23.04,Direct,Non Promoted,Yes,Stay
84,shruti,9876544345,Nagpur,B1,Operation,Female,0.09,< =1,0.09,Single,27.1,Direct,Non Promoted,Yes,Stay
62,shruti,9876544345,Bangalore,B1,Operation,Male,0.05,< =1,1.03,Single,23.11,Direct,Promoted,No,Left
273,Arnab,9876544345,Chennai,B1,Operation,Male,1.01,> 1 & < =3,1.1,Single,24.04,Direct,Promoted,No,Left
286,Arnab,9876544345,Noida,B1,Operation,Male,1.02,> 1 & < =3,1.02,Single,23.1,Direct,Non Promoted,No,Left
780,Shiv,9876544345,Noida,B1,Operation,Male,2.09,> 1 & < =3,6.03,Single,28.04,Direct,Non Promoted,Yes,Stay
524,Arnab,9876544345,Chennai,B2,Operation,Female,1.1,> 1 & < =3,4.11,Marr.,28.03,Direct,Promoted,No,Left
13,sid,9876544345,Hyderabad,B2,Operation,Male,0.01,< =1,6.03,Single,30.01,Direct,Promoted,No,Left
183,Dwane,9876544345,Noida,B1,Operation,Male,0.11,< =1,2.07,Single,24.11,Agency,Non Promoted,No,Left
391,Arnab,9876544345,Noida,B1,Operation,Female,1.04,> 1 & < =3,6.07,Single,28.09,Direct,Non Promoted,Yes,Stay
558,Arnab,9876544345,Bangalore,B2,Operation,Male,2.0,> 1 & < =3,9.0,Single,30.06,Direct,Promoted,No,Stay
224,Dwane,9876544345,Bangalore,B2,Operation,Male,1.0,< =1,8.0,Marr.,32.12,Direct,Non Promoted,No,Stay
519,Arnab,9876544345,Bangalore,B1,Operation,Male,1.09,> 1 & < =3,5.02,Single,26.08,Direct,Promoted,No,Left
635,Papu,9876544345,Pune,B3,Operation,Male,2.02,> 1 & < =3,11.02,Marr.,40.08,Direct,Non Promoted,Yes,Stay
399,Arnab,9876544345,Noida,B1,Operation,Male,1.05,> 1 & < =3,4.1,Single,29.02,Direct,Non Promoted,Yes,Stay
859,Shiv,9876544345,Chennai,B1,Operation,Male,3.0,> 1 & < =3,6.02,Single,27.06,Employee Referral,Promoted,Yes,Stay
529,Arnab,9876544345,Bangalore,B1,Operation,Male,2.0,> 1 & < =3,2.0,Single,24.04,Direct,Promoted,No,Left
552,Arnab,9876544345,Noida,B1,Operation,Male,2.01,> 1 & < =3,2.01,Single,28.01,Direct,Non Promoted,Yes,Stay
177,Dwane,9876544345,Noida,B2,Operation,Male,0.1,< =1,4.02,Marr.,31.04,Direct,Non Promoted,Yes,Stay
606,Papu,9876544345,Noida,B2,Support,Female,2.02,> 1 & < =3,2.02,Single,27.0,Direct,Promoted,No,Stay
451,Arnab,9876544345,Bangalore,B2,Operation,Male,1.06,> 1 & < =3,5.1,Marr.,28.03,Direct,Promoted,Yes,Stay
851,Shiv,9876544345,Chennai,B1,Operation,Male,2.11,> 1 & < =3,5.11,Single,28.07,Agency,Promoted,No,Left
164,Dwane,9876544345,Chennai,B2,Operation,Male,0.09,< =1,7.0,Marr.,31.09,Direct,Promoted,No,Stay
249,Dwane,9876544345,Bangalore,B2,Operation,Male,1.0,< =1,9.0,Marr.,31.03,Direct,Non Promoted,No,Left
576,Papu,9876544345,Hyderabad,B2,Support,Male,2.0,> 1 & < =3,4.07,Single,29.1,Direct,Promoted,No,Left
796,Shiv,9876544345,Noida,B2,Operation,Male,2.08,> 1 & < =3,10.02,Single,36.01,Direct,Promoted,No,Stay
75,shruti,9876544345,Bangalore,B2,Operation,Male,0.06,< =1,6.1,Single,29.1,Agency,Promoted,No,Stay
114,Dwane,9876544345,Bangalore,B2,Operation,Male,0.08,< =1,9.01,Single,33.08,Direct,Promoted,No,Left
627,Papu,9876544345,Bangalore,B3,Operation,Male,2.02,> 1 & < =3,8.02,Marr.,37.05,Direct,Non Promoted,Yes,Stay
501,Arnab,9876544345,Bangalore,B1,Operation,Male,1.09,> 1 & < =3,5.09,Marr.,28.03,Agency,Promoted,No,Left
105,Dwane,9876544345,Bangalore,B2,Operation,Male,0.07,< =1,6.08,Single,28.02,Direct,Promoted,No,Left
115,Dwane,9876544345,Bangalore,B1,Operation,Male,0.08,< =1,4.01,Single,25.06,Direct,Promoted,No,Left
586,Papu,9876544345,Noida,B1,Operation,Male,2.03,> 1 & < =3,2.03,Marr.,25.02,Direct,Promoted,Yes,Stay
93,shruti,9876544345,Noida,B2,Operation,Female,0.07,< =1,5.07,Marr.,29.1,Agency,Promoted,No,Stay
508,Arnab,9876544345,Chennai,B1,Operation,Male,1.09,> 1 & < =3,3.08,Single,26.06,Direct,Promoted,No,Left
90,shruti,9876544345,Bangalore,B1,Operation,Female,0.07,< =1,1.09,Single,24.08,Direct,Non Promoted,Yes,Stay
337,Arnab,9876544345,Chennai,B1,Operation,Female,1.03,> 1 & < =3,4.03,Marr.,25.06,Direct,Promoted,No,Stay
891,Rahul,9876544345,Chennai,B1,Operation,Female,2.0,> 1 & < =3,2.0,Sep.,24.07,Direct,Promoted,No,Left
827,Shiv,9876544345,Chennai,B1,Operation,Male,2.1,> 1 & < =3,2.1,Single,25.07,Direct,Non Promoted,Yes,Stay
838,Shiv,9876544345,Bangalore,B1,Operation,Male,3.0,> 1 & < =3,3.0,Single,28.08,Direct,Promoted,Yes,Stay
549,Arnab,9876544345,Noida,B1,Operation,Female,2.0,> 1 & < =3,3.04,Single,27.02,Direct,Promoted,Yes,Stay
745,Papu,9876544345,Bangalore,B2,Operation,Male,2.07,> 1 & < =3,13.11,Marr.,38.12,Employee Referral,Promoted,Yes,Stay
95,shruti,9876544345,Bangalore,B2,Operation,other,0.07,< =1,10.07,Div.,41.0,Direct,Promoted,Yes,Stay
12,sid,9876544345,Noida,B2,Operation,Male,0.01,< =1,9.08,Marr.,34.09,Direct,Promoted,No,Stay
533,Arnab,9876544345,Chennai,B1,Operation,Male,1.11,> 1 & < =3,5.07,Single,29.1,Direct,Promoted,Yes,Stay
44,shruti,9876544345,Chennai,B2,Operation,Male,0.04,< =1,5.04,Single,27.05,Direct,Promoted,No,Left
43,shruti,9876544345,Bangalore,B1,Operation,Male,0.04,< =1,1.08,Single,26.07,Direct,Promoted,No,Left
330,Arnab,9876544345,Bangalore,B1,Operation,Male,1.03,> 1 & < =3,1.09,Marr.,27.11,Direct,Non Promoted,Yes,Stay
168,Dwane,9876544345,Madurai,B0,Support,Female,0.1,< =1,0.1,Single,23.08,Direct,Non Promoted,Yes,Stay
788,Shiv,9876544345,Pune,B1,Operation,Female,2.09,> 1 & < =3,5.09,Marr.,29.02,Direct,Non Promoted,Yes,Stay
543,Arnab,9876544345,Bangalore,B1,Operation,Male,2.01,> 1 & < =3,2.01,Single,24.09,Direct,Promoted,Yes,Stay
683,Papu,9876544345,Chennai,B1,Operation,Male,2.05,> 1 & < =3,6.07,Marr.,29.06,Direct,Non Promoted,Yes,Stay
604,Papu,9876544345,Noida,B2,Operation,Male,2.01,> 1 & < =3,9.01,Marr.,37.02,Employee Referral,Promoted,Yes,Stay
179,Dwane,9876544345,Chennai,B1,Operation,Male,0.1,< =1,3.1,Marr.,28.0,Direct,Promoted,No,Stay
589,Papu,9876544345,Noida,B1,Operation,Female,2.01,> 1 & < =3,3.05,Single,26.1,Agency,Non Promoted,No,Left
793,Shiv,9876544345,Bangalore,B1,Operation,Male,2.09,> 1 & < =3,5.09,Marr.,31.1,Employee Referral,Non Promoted,Yes,Stay
599,Papu,9876544345,Chennai,B1,Operation,Male,2.02,> 1 & < =3,2.02,Single,27.01,Direct,Promoted,Yes,Stay
178,Dwane,9876544345,Noida,B1,Operation,Male,0.1,< =1,5.04,Single,29.05,Direct,Promoted,No,Left
468,Arnab,9876544345,Chennai,B2,Operation,Male,1.07,> 1 & < =3,6.02,Marr.,41.04,Direct,Promoted,Yes,Stay
614,Papu,9876544345,Pune,B1,Operation,Female,2.02,> 1 & < =3,2.02,Single,23.11,Direct,Promoted,Yes,Stay
717,Papu,9876544345,Chennai,B2,Operation,Male,2.06,> 1 & < =3,8.11,Marr.,31.07,Agency,Non Promoted,No,Left
621,Papu,9876544345,Chennai,B1,Operation,Male,2.02,> 1 & < =3,4.1,Marr.,27.07,Direct,Promoted,No,Left
384,Arnab,9876544345,Chennai,B2,Operation,Female,1.05,> 1 & < =3,4.09,Marr.,26.08,Direct,Promoted,No,Stay
258,Arnab,9876544345,Bangalore,B1,Operation,Male,1.01,> 1 & < =3,4.01,Single,27.03,Direct,Promoted,No,Left
446,Arnab,9876544345,Mumbai,B1,Operation,Female,1.06,> 1 & < =3,2.08,Single,25.04,Direct,Non Promoted,No,Left
336,Arnab,9876544345,Chennai,B1,Operation,Male,1.03,> 1 & < =3,4.03,Single,35.08,Direct,Promoted,Yes,Stay
723,Papu,9876544345,Chennai,B1,Support,Female,2.06,> 1 & < =3,6.08,Marr.,27.07,Direct,Promoted,No,Stay
16,sid,9876544345,Chennai,B2,Operation,Female,0.02,< =1,5.02,Marr.,26.07,Direct,Promoted,Yes,Stay
4,sid,9876544345,Noida,B2,Operation,Male,0.01,< =1,6.06,Marr.,32.07,Direct,Promoted,Yes,Stay
828,Shiv,9876544345,Chennai,B1,Operation,Male,2.1,> 1 & < =3,6.02,Single,27.07,Agency,Non Promoted,Yes,Stay
257,Arnab,9876544345,Bangalore,B2,Operation,Male,1.0,< =1,6.08,Single,29.04,Direct,Non Promoted,Yes,Stay
744,Papu,9876544345,Chennai,B1,Operation,Male,2.08,> 1 & < =3,5.04,Single,30.06,Agency,Promoted,Yes,Stay
484,Arnab,9876544345,Noida,B0,Support,Female,1.08,> 1 & < =3,1.08,Marr.,24.01,Direct,Promoted,No,Left
651,Papu,9876544345,Bangalore,B2,Operation,Male,2.03,> 1 & < =3,8.0,Single,31.1,Direct,Promoted,Yes,Stay
394,Arnab,9876544345,Bangalore,B2,Operation,Female,1.05,> 1 & < =3,6.02,Marr.,29.07,Direct,Promoted,No,Stay
223,Dwane,9876544345,Chennai,B2,Operation,Male,0.11,< =1,7.11,Marr.,30.11,Direct,Non Promoted,No,Stay
180,Dwane,9876544345,Bangalore,B2,Operation,Male,0.1,< =1,7.09,Single,31.08,Direct,Promoted,No,Left
754,Papu,9876544345,Chennai,B1,Operation,Male,2.08,> 1 & < =3,2.08,Single,24.1,Direct,Non Promoted,Yes,Stay
830,Shiv,9876544345,Chennai,B3,Operation,Male,2.1,> 1 & < =3,10.07,Marr.,35.07,Agency,Promoted,No,Stay
325,Arnab,9876544345,Lucknow,B0,Support,Female,1.03,> 1 & < =3,1.03,Single,24.02,Direct,Non Promoted,No,Left
536,Arnab,9876544345,Noida,C3,Operation,Female,2.1,> 1 & < =3,9.04,Marr.,31.03,Direct,Non Promoted,Yes,Stay
10,sid,9876544345,Chennai,B2,Operation,Male,0.01,< =1,10.01,Div.,41.06,Direct,Promoted,Yes,Stay
250,Arnab,9876544345,Lucknow,B2,Operation,Male,1.0,< =1,7.05,Marr.,32.02,Direct,Non Promoted,Yes,Stay
23,shruti,9876544345,Mumbai,B1,Operation,Female,0.02,< =1,1.1,Single,24.1,Direct,Non Promoted,Yes,Stay
357,Arnab,9876544345,Bangalore,B1,Operation,Female,1.04,> 1 & < =3,5.1,Marr.,26.1,Agency,Promoted,No,Left
222,Dwane,9876544345,Noida,B1,Operation,Male,0.11,< =1,4.11,Single,29.12,Agency,Non Promoted,Yes,Stay
607,Papu,9876544345,Noida,B2,Operation,Male,2.01,> 1 & < =3,8.01,Marr.,28.06,Employee Referral,Non Promoted,Yes,Stay
775,Shiv,9876544345,Bangalore,B1,Operation,Male,2.08,> 1 & < =3,2.1,Marr.,24.11,Direct,Non Promoted,No,Left
886,Shiv,9876544345,Bangalore,B1,Operation,Male,0.1,< =1,5.04,Marr.,28.11,Agency,Promoted,No,Left
534,Arnab,9876544345,Hyderabad,B1,Operation,Male,1.11,> 1 & < =3,4.02,Single,28.03,Direct,Non Promoted,Yes,Stay
341,Arnab,9876544345,Noida,B2,Operation,Male,1.03,> 1 & < =3,5.03,Single,27.08,Direct,Promoted,No,Left
751,Papu,9876544345,Chennai,B1,Operation,Male,2.07,> 1 & < =3,7.11,Marr.,31.07,Agency,Promoted,No,Left
531,Arnab,9876544345,Bangalore,B1,Operation,Female,2.0,> 1 & < =3,2.0,Single,30.06,Direct,Promoted,No,Stay
204,Dwane,9876544345,Bangalore,B2,Operation,Male,0.11,< =1,10.11,Marr.,36.1,Agency,Promoted,No,Stay
238,Dwane,9876544345,Bangalore,B2,Operation,Male,1.0,< =1,4.0,Marr.,26.07,Direct,Non Promoted,Yes,Stay
94,shruti,9876544345,Bangalore,B3,Operation,Female,0.07,< =1,12.07,Marr.,38.09,Agency,Non Promoted,No,Stay
495,Arnab,9876544345,Chennai,B1,Operation,Female,1.09,> 1 & < =3,5.03,Single,27.05,Direct,Non Promoted,Yes,Stay
449,Arnab,9876544345,Chennai,B1,Operation,Male,1.07,> 1 & < =3,3.02,Single,28.01,Direct,Promoted,No,Left
835,Shiv,9876544345,Chennai,B1,Operation,Male,2.11,> 1 & < =3,2.11,Single,27.08,Direct,Non Promoted,No,Left
285,Arnab,9876544345,Chennai,B1,Operation,Female,1.02,> 1 & < =3,1.02,Single,23.09,Direct,Non Promoted,Yes,Stay
185,Dwane,9876544345,Nagpur,B1,Operation,Male,0.1,< =1,4.0,Single,28.11,Direct,Promoted,Yes,Stay
758,Papu,9876544345,Noida,B1,Operation,Male,2.09,> 1 & < =3,2.11,Single,26.1,Direct,Non Promoted,Yes,Stay
435,Arnab,9876544345,Noida,B2,Operation,Male,1.06,> 1 & < =3,5.02,Single,27.07,Direct,Promoted,No,Left
540,Arnab,9876544345,Pune,B1,Operation,Male,1.1,> 1 & < =3,3.07,Single,30.06,Direct,Promoted,No,Left
154,Dwane,9876544345,Bangalore,B1,Operation,Female,0.09,< =1,3.02,Single,24.09,Direct,Non Promoted,Yes,Stay
76,shruti,9876544345,Noida,B2,Operation,Female,0.06,< =1,5.11,Single,27.02,Agency,Promoted,No,Left
663,Papu,9876544345,Chennai,B1,Operation,Female,2.04,> 1 & < =3,4.05,Single,25.08,Direct,Non Promoted,No,Left
718,Papu,9876544345,Chennai,B1,Operation,Male,2.06,> 1 & < =3,4.02,Single,25.1,Direct,Non Promoted,Yes,Stay
278,Arnab,9876544345,Hyderabad,B1,Operation,Male,1.02,> 1 & < =3,6.04,Single,30.08,Agency,Non Promoted,Yes,Left
69,shruti,9876544345,Chennai,B1,Operation,Female,0.06,< =1,3.1,Single,25.04,Direct,Promoted,Yes,Stay
447,Arnab,9876544345,Noida,B4,Sales,Male,1.06,> 1 & < =3,11.06,Marr.,32.0,Employee Referral,Promoted,Yes,Stay
570,Papu,9876544345,Madurai,B2,Operation,Male,2.0,> 1 & < =3,10.0,Marr.,31.12,Direct,Promoted,Yes,Stay
189,Dwane,9876544345,Bangalore,B1,Operation,Male,0.11,< =1,0.11,Single,25.01,Direct,Non Promoted,Yes,Stay
272,Arnab,9876544345,Noida,B1,Operation,Female,1.01,> 1 & < =3,1.08,Single,23.12,Direct,Promoted,No,Left
669,Papu,9876544345,Pune,B1,Operation,Male,2.04,> 1 & < =3,5.06,Single,25.05,Employee Referral,Non Promoted,Yes,Stay
865,Shiv,9876544345,Madurai,B2,Operation,Male,3.0,> 1 & < =3,8.0,Single,29.06,Direct,Promoted,Yes,Stay
237,Dwane,9876544345,Bangalore,B2,Operation,Male,1.0,< =1,9.0,Single,28.12,Direct,Non Promoted,Yes,Left
89,shruti,9876544345,Bangalore,B3,Operation,Female,0.06,< =1,13.1,Marr.,36.07,Direct,Non Promoted,Yes,Stay
765,Shiv,9876544345,Noida,B1,Support,Male,2.08,> 1 & < =3,2.08,Single,27.07,Direct,Non Promoted,Yes,Stay
118,Dwane,9876544345,Pune,B1,Operation,Female,0.08,< =1,3.08,Single,26.01,Direct,Promoted,No,Left
126,Dwane,9876544345,Bangalore,B1,Operation,Female,0.08,< =1,4.1,Single,28.09,Direct,Promoted,No,Left
756,Papu,9876544345,Chennai,B1,Operation,Male,2.08,> 1 & < =3,2.09,Single,24.09,Direct,Non Promoted,Yes,Stay
290,Arnab,9876544345,Bangalore,B1,Operation,Male,1.02,> 1 & < =3,3.09,Single,30.06,Direct,Non Promoted,Yes,Stay
239,Dwane,9876544345,Chennai,B1,Support,Female,1.0,< =1,5.0,Marr.,33.06,Direct,Non Promoted,Yes,Stay
1,sid,9876544345,Pune,B2,Operation,Male,0.0,< =1,6.08,Single,27.12,Direct,Non Promoted,Yes,Left
893,Rahul,9876544345,Vijayawada,B1,Operation,Female,0.06,< =1,3.06,Marr.,25.02,Direct,Promoted,No,Left
478,Arnab,9876544345,Hyderabad,B1,Operation,Male,1.07,> 1 & < =3,6.09,Marr.,35.11,Direct,Promoted,No,Stay
785,Shiv,9876544345,Chennai,B1,Operation,Male,2.09,> 1 & < =3,7.0,Marr.,33.08,Agency,Non Promoted,No,Left
396,Arnab,9876544345,Bangalore,B2,Operation,Male,1.05,> 1 & < =3,6.03,Marr.,31.07,Direct,Promoted,No,Stay
537,Arnab,9876544345,Noida,B2,Operation,Male,1.11,> 1 & < =3,8.03,Marr.,31.05,Employee Referral,Promoted,Yes,Stay
127,Dwane,9876544345,Noida,B2,Operation,Male,0.08,< =1,11.04,Single,25.04,Direct,Non Promoted,Yes,Stay
279,Arnab,9876544345,Bangalore,B2,Operation,Female,1.01,> 1 & < =3,6.01,Marr.,29.1,Direct,Promoted,Yes,Stay
698,Papu,9876544345,Chennai,B1,Operation,Male,2.07,> 1 & < =3,2.07,Single,25.03,Direct,Non Promoted,Yes,Stay
117,Dwane,9876544345,Chennai,B1,Operation,Female,0.08,< =1,3.01,Marr.,31.01,Direct,Promoted,Yes,Stay
474,Arnab,9876544345,Pune,B2,Operation,Male,1.07,> 1 & < =3,7.08,Marr.,31.09,Direct,Promoted,Yes,Stay
229,Dwane,9876544345,Bangalore,B1,Operation,Female,1.0,< =1,5.06,Marr.,35.05,Direct,Non Promoted,Yes,Stay
629,Papu,9876544345,Bangalore,B1,Operation,Male,2.03,> 1 & < =3,2.04,Single,26.04,Direct,Non Promoted,No,Left
882,Shiv,9876544345,Bangalore,B1,Operation,Female,0.04,< =1,2.04,Single,23.01,Direct,Promoted,No,Left
58,shruti,9876544345,Chennai,B1,Operation,Male,0.05,< =1,3.05,Single,24.04,Direct,Non Promoted,No,Left
522,Arnab,9876544345,Bangalore,B1,Operation,Female,2.0,> 1 & < =3,2.0,Marr.,29.02,Direct,Promoted,No,Left
275,Arnab,9876544345,Chennai,B2,Operation,Female,1.01,> 1 & < =3,5.09,Single,27.07,Direct,Non Promoted,Yes,Stay
319,Arnab,9876544345,Noida,B3,Support,Male,1.03,> 1 & < =3,12.03,Marr.,35.1,Direct,Non Promoted,Yes,Stay
612,Papu,9876544345,Bangalore,B1,Operation,Female,2.03,> 1 & < =3,2.03,Single,25.03,Direct,Promoted,No,Left
145,Dwane,9876544345,Pune,B1,Operation,Male,0.09,< =1,4.08,Single,30.09,Agency,Promoted,No,Left
641,Papu,9876544345,Noida,B3,Operation,Male,2.03,> 1 & < =3,11.03,Sep.,39.01,Employee Referral,Non Promoted,Yes,Stay
694,Papu,9876544345,Chennai,B1,Operation,Male,2.05,> 1 & < =3,6.05,Single,29.09,Employee Referral,Non Promoted,No,Left
848,Shiv,9876544345,Bangalore,B1,Operation,Male,2.1,> 1 & < =3,2.1,Single,25.02,Direct,Non Promoted,Yes,Stay
761,Shiv,9876544345,Chennai,B1,Operation,Male,2.08,> 1 & < =3,8.02,Marr.,35.04,Direct,Non Promoted,Yes,Stay
370,Arnab,9876544345,Hyderabad,B1,Operation,Male,1.04,> 1 & < =3,3.1,Single,26.09,Direct,Promoted,No,Left
269,Arnab,9876544345,Hyderabad,B3,Operation,Male,1.01,> 1 & < =3,12.01,Marr.,34.02,Direct,Non Promoted,No,Left
630,Papu,9876544345,Hyderabad,B1,Operation,Male,2.04,> 1 & < =3,2.04,Single,27.1,Direct,Non Promoted,No,Left
308,Arnab,9876544345,Noida,B2,Operation,Male,1.02,> 1 & < =3,5.02,Single,27.04,Employee Referral,Non Promoted,Yes,Stay
424,Arnab,9876544345,Noida,B1,Support,Female,1.06,> 1 & < =3,4.04,Single,26.03,Direct,Promoted,No,Stay
311,Arnab,9876544345,Noida,B1,Support,Female,1.03,> 1 & < =3,1.03,Single,24.04,Direct,Promoted,No,Left
355,Arnab,9876544345,Bangalore,B1,Operation,Female,1.04,> 1 & < =3,4.04,Single,26.09,Direct,Non Promoted,Yes,Stay
47,shruti,9876544345,Bangalore,B1,Operation,Female,0.04,< =1,3.07,Marr.,33.1,Direct,Promoted,No,Stay
350,Arnab,9876544345,Chennai,B1,Operation,Male,1.04,> 1 & < =3,3.11,Single,29.0,Direct,Non Promoted,Yes,Stay
372,Arnab,9876544345,Chennai,B1,Operation,Male,1.04,> 1 & < =3,4.0,Single,26.1,Direct,Non Promoted,Yes,Stay
480,Arnab,9876544345,Madurai,B1,Operation,Male,1.08,> 1 & < =3,4.08,Single,30.05,Direct,Promoted,Yes,Stay
582,Papu,9876544345,Bangalore,B1,Operation,Male,2.04,> 1 & < =3,2.04,Single,27.06,Direct,Non Promoted,Yes,Stay
262,Arnab,9876544345,Chennai,B1,Operation,Male,1.0,< =1,3.11,Single,25.06,Direct,Promoted,Yes,Stay
196,Dwane,9876544345,Bangalore,B2,Operation,Male,0.11,< =1,7.01,Marr.,34.03,Agency,Non Promoted,No,Stay
902,Rahul,9876544345,Madurai,B2,Operation,Male,0.02,< =1,10.02,Marr.,32.08,Direct,Non Promoted,No,Stay
752,Papu,9876544345,Noida,B1,Operation,Female,2.08,> 1 & < =3,2.08,Single,25.11,Direct,Non Promoted,Yes,Stay
108,Dwane,9876544345,Bangalore,B1,Operation,Female,0.08,< =1,4.01,Single,27.07,Direct,Non Promoted,No,Left
878,Shiv,9876544345,Bangalore,B1,Operation,Male,3.0,> 1 & < =3,5.0,Single,26.07,Direct,Promoted,Yes,Stay
60,shruti,9876544345,Madurai,B2,Operation,Male,0.05,< =1,12.05,Marr.,40.07,Direct,Non Promoted,No,Stay
665,Papu,9876544345,Chennai,B1,Operation,Male,2.04,> 1 & < =3,6.04,Single,31.08,Direct,Non Promoted,Yes,Stay
264,Arnab,9876544345,Noida,B2,Operation,Male,1.01,> 1 & < =3,7.11,Single,27.11,Direct,Promoted,No,Stay
722,Papu,9876544345,Noida,B1,Operation,Male,2.06,> 1 & < =3,7.11,Marr.,29.03,Employee Referral,Promoted,Yes,Stay
101,Dwane,9876544345,Chennai,B2,Operation,Male,0.07,< =1,7.07,Marr.,33.08,Direct,Promoted,Yes,Stay
444,Arnab,9876544345,Bangalore,B2,Operation,Male,1.06,> 1 & < =3,7.06,Marr.,34.06,Agency,Non Promoted,Yes,Stay
491,Arnab,9876544345,Bangalore,B1,Operation,Female,1.08,> 1 & < =3,2.1,Single,25.09,Direct,Promoted,Yes,Stay
678,Papu,9876544345,Bangalore,B2,Operation,Male,2.05,> 1 & < =3,8.08,Marr.,34.06,Direct,Promoted,No,Stay
305,Arnab,9876544345,Noida,B1,Operation,Male,1.02,> 1 & < =3,4.07,Single,26.05,Agency,Non Promoted,No,Left
342,Arnab,9876544345,Noida,B2,Operation,Male,1.03,> 1 & < =3,4.1,Single,29.09,Agency,Non Promoted,Yes,Stay
870,Shiv,9876544345,Chennai,B1,Operation,Male,3.0,> 1 & < =3,6.0,Single,27.11,Direct,Promoted,Yes,Stay
150,Dwane,9876544345,Bangalore,B1,Operation,Male,0.09,< =1,5.05,Single,26.06,Direct,Promoted,No,Left
125,Dwane,9876544345,Noida,B5,Operation,Male,0.08,< =1,25.08,Marr.,40.04,Agency,Non Promoted,No,Stay
710,Papu,9876544345,Noida,B5,Sales,Male,2.06,> 1 & < =3,23.06,Marr.,47.0,Direct,Promoted,Yes,Stay
51,shruti,9876544345,Bangalore,B1,Operation,Female,0.04,< =1,1.01,Single,24.02,Direct,Non Promoted,Yes,Stay
354,Arnab,9876544345,Chennai,B4,Support,Male,1.04,> 1 & < =3,16.04,Marr.,42.05,Direct,Non Promoted,Yes,Stay
833,Shiv,9876544345,Bangalore,B1,Operation,Male,2.1,> 1 & < =3,4.1,Single,28.05,Direct,Promoted,No,Left
143,Dwane,9876544345,Chennai,B1,Operation,Male,0.09,< =1,4.03,Single,27.07,Direct,Non Promoted,Yes,Stay
471,Arnab,9876544345,Madurai,B1,Operation,Male,1.07,> 1 & < =3,1.07,Single,29.03,Direct,Promoted,No,Left
400,Arnab,9876544345,Noida,B1,Support,Female,1.05,> 1 & < =3,2.0,Single,24.05,Direct,Non Promoted,Yes,Stay
568,Papu,9876544345,Chennai,B3,Operation,Male,2.0,> 1 & < =3,7.0,Marr.,32.1,Direct,Promoted,Yes,Stay
321,Arnab,9876544345,Hyderabad,B2,Operation,Male,1.08,> 1 & < =3,1.08,Marr.,43.1,Direct,Non Promoted,Yes,Stay
20,shruti,9876544345,Bangalore,B2,Operation,Male,0.03,< =1,5.1,Single,27.08,Agency,Promoted,Yes,Stay
731,Papu,9876544345,Bangalore,B1,Operation,Male,2.07,> 1 & < =3,2.08,Single,24.1,Direct,Promoted,Yes,Stay
714,Papu,9876544345,Chennai,B1,Operation,Male,2.06,> 1 & < =3,3.02,Single,27.09,Direct,Non Promoted,No,Left
814,Shiv,9876544345,Chennai,B2,Operation,Female,2.09,> 1 & < =3,9.1,Marr.,32.1,Direct,Non Promoted,Yes,Stay
408,Arnab,9876544345,Chennai,B1,Operation,Female,1.05,> 1 & < =3,5.01,Single,26.08,Employee Referral,Non Promoted,Yes,Stay
581,Papu,9876544345,Chennai,B2,Operation,Male,2.01,> 1 & < =3,9.07,Single,32.07,Direct,Promoted,No,Stay
39,shruti,9876544345,Hyderabad,B2,Operation,Male,0.04,< =1,9.04,Marr.,38.07,Agency,Promoted,Yes,Stay
176,Dwane,9876544345,Pune,B1,Operation,Male,0.1,< =1,4.1,Single,27.11,Direct,Non Promoted,Yes,Stay
246,Dwane,9876544345,Chennai,B1,Operation,Male,1.0,< =1,3.07,Single,26.09,Direct,Non Promoted,Yes,Stay
867,Shiv,9876544345,Bangalore,B2,Operation,Female,2.11,> 1 & < =3,7.07,Marr.,29.1,Agency,Non Promoted,No,Left
690,Papu,9876544345,Noida,B1,Operation,Female,2.05,> 1 & < =3,2.05,Single,25.01,Direct,Non Promoted,No,Left
681,Papu,9876544345,Noida,B1,Operation,Male,2.06,> 1 & < =3,2.06,Single,25.03,Direct,Non Promoted,Yes,Stay
818,Shiv,9876544345,Chennai,B1,Operation,Female,2.1,> 1 & < =3,4.02,Marr.,24.08,Agency,Non Promoted,Yes,Stay
155,Dwane,9876544345,Nagpur,B1,Operation,Male,0.09,< =1,3.11,Marr.,37.07,Direct,Non Promoted,No,Left
288,Arnab,9876544345,Chennai,B2,Operation,Male,1.02,> 1 & < =3,4.02,Single,25.11,Agency,Promoted,No,Left
546,Arnab,9876544345,Chennai,B1,Operation,Male,1.11,> 1 & < =3,5.08,Single,28.02,Direct,Promoted,No,Left
18,sid,9876544345,Lucknow,B1,Operation,Male,0.02,< =1,5.02,Marr.,36.03,Direct,Promoted,No,Left
128,Dwane,9876544345,Chennai,B2,Operation,Male,0.09,< =1,6.09,Marr.,30.01,Direct,Promoted,No,Stay
323,Arnab,9876544345,Hyderabad,B2,Operation,Male,1.08,> 1 & < =3,1.08,Single,26.08,Direct,Non Promoted,Yes,Stay
256,Arnab,9876544345,Bangalore,B1,Operation,Male,1.0,< =1,4.02,Single,30.01,Direct,Promoted,Yes,Stay
598,Papu,9876544345,Bangalore,B1,Operation,Male,2.01,> 1 & < =3,5.01,Single,29.09,Direct,Promoted,Yes,Stay
868,Shiv,9876544345,Bangalore,B1,Operation,Male,3.0,> 1 & < =3,7.0,Marr.,32.09,Agency,Non Promoted,No,Left
191,Dwane,9876544345,Noida,B1,Operation,Female,0.11,< =1,6.09,Single,29.07,Employee Referral,Non Promoted,Yes,Stay
116,Dwane,9876544345,Bangalore,B2,Operation,Male,0.08,< =1,6.1,Marr.,33.02,Agency,Promoted,No,Stay
559,Papu,9876544345,Bangalore,B1,Operation,Male,2.02,> 1 & < =3,2.02,Single,25.03,Direct,Non Promoted,Yes,Stay
181,Dwane,9876544345,Pune,B2,Operation,Male,0.1,< =1,5.03,Marr.,33.05,Direct,Promoted,Yes,Stay
302,Arnab,9876544345,Chennai,B1,Operation,Male,1.02,> 1 & < =3,2.09,Single,27.05,Direct,Non Promoted,No,Left
686,Papu,9876544345,Noida,B2,Operation,Male,2.05,> 1 & < =3,7.1,Marr.,29.1,Agency,Non Promoted,No,Left
645,Papu,9876544345,Chennai,B2,Operation,Female,2.03,> 1 & < =3,7.03,Marr.,29.07,Direct,Non Promoted,Yes,Stay
656,Papu,9876544345,Hyderabad,B1,Operation,Male,2.06,> 1 & < =3,2.06,Single,27.06,Direct,Promoted,Yes,Stay
622,Papu,9876544345,Noida,B2,Support,Male,2.02,> 1 & < =3,12.02,Marr.,36.0,Direct,Promoted,No,Stay
602,Papu,9876544345,Chennai,B1,Operation,Female,2.02,> 1 & < =3,2.02,Single,26.04,Direct,Promoted,No,Left
518,Arnab,9876544345,Pune,B4,Operation,Male,1.09,> 1 & < =3,21.05,Marr.,46.05,Direct,Promoted,Yes,Stay
887,Rahul,9876544345,Bangalore,B1,Operation,Female,0.11,< =1,4.0,Single,22.08,Direct,Promoted,Yes,Stay
46,shruti,9876544345,Noida,B2,Operation,Male,0.04,< =1,10.04,Marr.,37.0,Employee Referral,Non Promoted,No,Stay
817,Shiv,9876544345,Madurai,B1,Operation,Male,2.1,> 1 & < =3,2.1,Single,25.09,Direct,Non Promoted,Yes,Stay
158,Dwane,9876544345,Chennai,B2,Operation,Male,0.1,< =1,11.0,Marr.,39.11,Agency,Non Promoted,Yes,Stay
743,Papu,9876544345,Chennai,B1,Operation,Male,2.07,> 1 & < =3,5.09,Single,29.06,Direct,Promoted,Yes,Stay
172,Dwane,9876544345,Chennai,B1,Operation,Female,0.1,< =1,2.08,Single,24.12,Direct,Promoted,No,Left
17,sid,9876544345,Nagpur,B2,Operation,Male,0.02,< =1,5.02,Marr.,27.1,Direct,Promoted,No,Left
512,Arnab,9876544345,Bangalore,B1,Operation,Male,1.1,> 1 & < =3,1.1,Single,23.08,Direct,Non Promoted,Yes,Stay
49,shruti,9876544345,Chennai,B2,Operation,Male,0.04,< =1,12.05,Single,39.08,Direct,Non Promoted,No,Left
874,Shiv,9876544345,Bangalore,B1,Operation,Male,3.0,> 1 & < =3,4.05,Marr.,26.08,Direct,Promoted,No,Left
757,Papu,9876544345,Noida,B1,Operation,Male,2.08,> 1 & < =3,2.08,Single,25.07,Direct,Non Promoted,Yes,Stay
516,Arnab,9876544345,Chennai,B1,Operation,Male,1.09,> 1 & < =3,5.01,Single,27.07,Direct,Promoted,Yes,Left
623,Papu,9876544345,Pune,B1,Operation,Male,2.02,> 1 & < =3,4.11,Single,28.09,Direct,Promoted,No,Left
481,Arnab,9876544345,Madurai,B2,Operation,Male,1.08,> 1 & < =3,7.11,Single,29.06,Direct,Promoted,Yes,Stay
284,Arnab,9876544345,Chennai,B2,Operation,Male,1.02,> 1 & < =3,6.02,Single,29.04,Direct,Non Promoted,Yes,Stay
595,Papu,9876544345,Bangalore,B1,Operation,Male,2.01,> 1 & < =3,2.01,Single,27.05,Direct,Promoted,No,Left
226,Dwane,9876544345,Noida,B1,Operation,Male,0.11,< =1,4.03,Single,29.02,Direct,Non Promoted,Yes,Stay
27,shruti,9876544345,Bangalore,B2,Operation,Female,0.02,< =1,8.04,Single,30.07,Direct,Promoted,No,Stay
706,Papu,9876544345,Chennai,B1,Operation,Male,2.06,> 1 & < =3,3.0,Single,27.06,Direct,Non Promoted,Yes,Stay
438,Arnab,9876544345,Bangalore,B1,Operation,Male,1.06,> 1 & < =3,4.08,Single,26.08,Direct,Promoted,No,Left
855,Shiv,9876544345,Bangalore,B1,Operation,Male,2.11,> 1 & < =3,2.11,Single,25.02,Direct,Non Promoted,No,Left
365,Arnab,9876544345,Bangalore,B3,Operation,Male,1.04,> 1 & < =3,15.04,Marr.,37.02,Direct,Promoted,No,Stay
230,Dwane,9876544345,Chennai,B1,Operation,Male,1.0,< =1,4.08,Single,28.02,Direct,Non Promoted,No,Left
38,shruti,9876544345,Bangalore,B1,Operation,Female,0.03,< =1,2.04,Single,26.07,Direct,Non Promoted,Yes,Left
869,Shiv,9876544345,Bangalore,B1,Operation,Male,3.0,> 1 & < =3,3.0,Single,25.06,Direct,Promoted,Yes,Stay
375,Arnab,9876544345,Noida,B2,Operation,Male,1.04,> 1 & < =3,4.06,Single,24.09,Agency,Promoted,No,Stay
470,Arnab,9876544345,Chennai,B2,Operation,Male,1.07,> 1 & < =3,7.09,Marr.,32.04,Direct,Promoted,No,Stay
871,Shiv,9876544345,Chennai,B1,Operation,Female,3.0,> 1 & < =3,7.06,Marr.,29.06,Direct,Promoted,Yes,Stay
766,Shiv,9876544345,Bangalore,B1,Operation,Male,2.08,> 1 & < =3,4.04,Marr.,31.07,Direct,Non Promoted,No,Left
658,Papu,9876544345,Chennai,B1,Operation,Male,2.06,> 1 & < =3,2.06,Single,25.08,Direct,Promoted,Yes,Stay
195,Dwane,9876544345,Chennai,B1,Operation,Male,0.11,< =1,1.11,Single,28.04,Direct,Non Promoted,Yes,Stay
768,Shiv,9876544345,Chennai,B1,Operation,Male,2.08,> 1 & < =3,6.09,Marr.,28.1,Direct,Non Promoted,Yes,Stay
778,Shiv,9876544345,Noida,B3,Operation,Male,2.09,> 1 & < =3,12.09,Marr.,34.05,Agency,Non Promoted,Yes,Stay
504,Arnab,9876544345,Pune,B1,Operation,Male,1.09,> 1 & < =3,4.05,Marr.,33.07,Direct,Promoted,Yes,Stay
873,Shiv,9876544345,Bangalore,B1,Operation,Female,3.0,> 1 & < =3,7.0,Marr.,28.06,Direct,Promoted,No,Stay
800,Shiv,9876544345,Chennai,B1,Operation,Male,2.09,> 1 & < =3,3.05,Single,31.07,Direct,Promoted,No,Left
580,Papu,9876544345,Noida,B2,Sales,Female,2.01,> 1 & < =3,6.01,Marr.,28.07,Direct,Promoted,No,Stay
885,Shiv,9876544345,Chennai,B1,Operation,Male,0.07,< =1,1.07,Single,22.07,Direct,Promoted,No,Left
163,Dwane,9876544345,Noida,B1,Operation,Male,0.11,< =1,0.11,Single,26.01,Direct,Promoted,No,Left
637,Papu,9876544345,Noida,B1,Operation,Female,2.02,> 1 & < =3,6.05,Marr.,30.03,Direct,Non Promoted,No,Left
153,Dwane,9876544345,Madurai,B1,Operation,Male,0.09,< =1,11.03,Marr.,35.04,Direct,Non Promoted,Yes,Stay
618,Papu,9876544345,Noida,B0,Operation,Female,2.02,> 1 & < =3,2.02,Marr.,25.1,Direct,Promoted,No,Left
636,Papu,9876544345,Noida,B1,Support,Male,2.03,> 1 & < =3,6.05,Marr.,30.03,Direct,Non Promoted,Yes,Stay
724,Papu,9876544345,Bangalore,B1,Operation,Female,2.08,> 1 & < =3,2.08,Single,26.04,Direct,Promoted,No,Left
112,Dwane,9876544345,Bangalore,B1,Operation,Female,0.08,< =1,2.02,Marr.,25.06,Direct,Non Promoted,Yes,Stay
227,Dwane,9876544345,Chennai,B2,Operation,Female,1.0,< =1,10.0,Marr.,37.1,Direct,Non Promoted,Yes,Stay
704,Papu,9876544345,Chennai,B1,Operation,Male,2.09,> 1 & < =3,2.09,Single,24.09,Direct,Promoted,Yes,Stay
104,Dwane,9876544345,Noida,B3,Operation,Male,0.07,< =1,9.11,Marr.,35.08,Direct,Promoted,No,Stay
422,Arnab,9876544345,Bangalore,B1,Operation,Male,1.05,> 1 & < =3,5.11,Single,28.04,Direct,Promoted,No,Left
420,Arnab,9876544345,Lucknow,B2,Operation,Male,1.05,> 1 & < =3,9.02,Marr.,30.07,Direct,Promoted,No,Stay
587,Papu,9876544345,Noida,B1,Operation,Female,2.02,> 1 & < =3,2.02,Single,26.04,Direct,Non Promoted,Yes,Stay
120,Dwane,9876544345,Bangalore,B1,Operation,Male,0.08,< =1,1.09,Single,24.04,Employee Referral,Promoted,Yes,Stay
54,shruti,9876544345,Bangalore,B1,Operation,Female,0.04,< =1,0.04,Single,22.03,Direct,Non Promoted,Yes,Stay
152,Dwane,9876544345,Noida,B3,Operation,Male,0.09,< =1,11.03,Marr.,36.11,Agency,Promoted,No,Stay
404,Arnab,9876544345,Madurai,B1,Operation,Female,1.05,> 1 & < =3,1.05,Single,24.02,Direct,Promoted,No,Left
850,Shiv,9876544345,Chennai,B1,Operation,Male,2.1,> 1 & < =3,9.0,Marr.,35.05,Direct,Promoted,Yes,Stay
208,Dwane,9876544345,Hyderabad,B1,Operation,Male,1.0,< =1,1.0,NTBD,24.04,Direct,Non Promoted,Yes,Stay
760,Shiv,9876544345,Noida,B2,Sales,Female,2.08,> 1 & < =3,5.1,Single,28.04,Employee Referral,Non Promoted,No,Left
688,Papu,9876544345,Bangalore,B1,Operation,Male,2.04,> 1 & < =3,2.05,Single,25.1,Direct,Non Promoted,Yes,Stay
9,sid,9876544345,Bangalore,B2,Operation,Male,0.02,< =1,6.04,Marr.,33.05,Agency,Promoted,No,Left
729,Papu,9876544345,Bangalore,B2,Operation,Male,2.06,> 1 & < =3,9.01,Marr.,33.04,Agency,Promoted,No,Stay
37,shruti,9876544345,Noida,B2,Operation,Male,0.04,< =1,6.1,Single,32.04,Direct,Non Promoted,Yes,Left
453,Arnab,9876544345,Bangalore,B2,Operation,Male,1.07,> 1 & < =3,8.07,Marr.,30.11,Direct,Promoted,No,Stay
254,Arnab,9876544345,Hyderabad,B3,Operation,Male,1.0,< =1,12.02,Marr.,38.11,Agency,Non Promoted,No,Left
304,Arnab,9876544345,Noida,B1,Sales,Female,1.02,> 1 & < =3,1.07,Single,25.03,Direct,Non Promoted,Yes,Stay
674,Papu,9876544345,Chennai,B1,Operation,Female,2.04,> 1 & < =3,2.04,Single,24.02,Direct,Promoted,Yes,Stay
572,Papu,9876544345,Noida,B2,Operation,Female,2.01,> 1 & < =3,6.01,Single,29.1,Employee Referral,Promoted,Yes,Stay
624,Papu,9876544345,Noida,B1,Operation,Male,2.02,> 1 & < =3,4.03,Marr.,26.07,Employee Referral,Non Promoted,Yes,Stay
753,Papu,9876544345,Bangalore,B1,Operation,Male,2.08,> 1 & < =3,2.08,Single,26.06,Direct,Promoted,Yes,Stay
652,Papu,9876544345,Madurai,B1,Operation,Female,2.04,> 1 & < =3,3.11,Single,28.1,Direct,Non Promoted,Yes,Stay
263,Arnab,9876544345,Hyderabad,B1,Operation,Male,1.0,< =1,5.0,Single,27.02,Agency,Non Promoted,No,Left
611,Papu,9876544345,Chennai,B1,Operation,Male,2.03,> 1 & < =3,2.03,Single,24.12,Direct,Promoted,Yes,Stay
298,Arnab,9876544345,Noida,B2,Operation,Male,1.02,> 1 & < =3,7.02,Single,29.02,Direct,Promoted,No,Left
415,Arnab,9876544345,Noida,B1,Operation,Female,1.05,> 1 & < =3,3.08,Single,30.1,Direct,Promoted,No,Left
151,Dwane,9876544345,Chennai,B2,Operation,Male,0.09,< =1,8.11,Marr.,38.06,Direct,Non Promoted,Yes,Stay
712,Papu,9876544345,Chennai,B1,Operation,Male,2.06,> 1 & < =3,2.06,Single,26.04,Direct,Non Promoted,No,Left
799,Shiv,9876544345,Chennai,B1,Operation,Male,2.1,> 1 & < =3,3.0,Single,27.05,Direct,Promoted,No,Left
551,Arnab,9876544345,Noida,B1,Operation,Male,2.0,> 1 & < =3,2.0,Single,25.1,Direct,Promoted,No,Left
489,Arnab,9876544345,Pune,B1,Operation,Female,1.08,> 1 & < =3,2.08,Single,25.11,Direct,Promoted,No,Left
148,Dwane,9876544345,Chennai,B2,Operation,Female,0.09,< =1,6.01,Marr.,30.08,Direct,Non Promoted,Yes,Stay
147,Dwane,9876544345,Bangalore,B2,Operation,Male,1.03,> 1 & < =3,2.11,Single,30.1,Direct,Non Promoted,No,Left
653,Papu,9876544345,Hyderabad,B2,Operation,Female,2.03,> 1 & < =3,9.0,Marr.,35.02,Direct,Non Promoted,Yes,Stay
836,Shiv,9876544345,Noida,B1,Operation,Male,2.11,> 1 & < =3,2.11,Single,26.07,Direct,Non Promoted,No,Left
668,Papu,9876544345,Hyderabad,B2,Operation,Male,2.04,> 1 & < =3,8.11,Marr.,30.07,Direct,Promoted,No,Stay
349,Arnab,9876544345,Hyderabad,B2,Operation,Female,1.04,> 1 & < =3,12.1,Single,40.02,Direct,Non Promoted,Yes,Stay
464,Arnab,9876544345,Madurai,B1,Operation,Male,1.07,> 1 & < =3,6.02,Marr.,28.09,Direct,Non Promoted,No,Stay
326,Arnab,9876544345,Noida,B1,Operation,Female,1.03,> 1 & < =3,1.03,Single,23.0,Direct,Non Promoted,No,Left
187,Dwane,9876544345,Pune,B1,Operation,Female,0.11,< =1,5.07,Marr.,29.06,Agency,Non Promoted,Yes,Stay
124,Dwane,9876544345,Noida,B3,Operation,Male,0.08,< =1,9.09,Marr.,34.04,Employee Referral,Promoted,Yes,Stay
767,Shiv,9876544345,Bangalore,B2,Operation,Male,2.08,> 1 & < =3,8.0,Marr.,31.09,Agency,Non Promoted,Yes,Stay
609,Papu,9876544345,Chennai,B1,Operation,Male,2.03,> 1 & < =3,2.03,Marr.,26.03,Direct,Non Promoted,No,Left
144,Dwane,9876544345,Hyderabad,B1,Operation,Male,0.09,< =1,5.09,Single,35.06,Agency,Non Promoted,No,Left
862,Shiv,9876544345,Chennai,B2,Operation,Male,3.0,> 1 & < =3,8.0,Marr.,32.03,Agency,Promoted,No,Stay
198,Dwane,9876544345,Noida,B1,Support,Female,0.1,< =1,3.06,Marr.,27.07,Direct,Non Promoted,No,Left
610,Papu,9876544345,Chennai,B1,Operation,Male,2.03,> 1 & < =3,2.03,Single,24.04,Direct,Promoted,Yes,Stay
280,Arnab,9876544345,Madurai,B1,Operation,Male,1.01,> 1 & < =3,5.06,Marr.,29.01,Direct,Promoted,Yes,Stay
294,Arnab,9876544345,Hyderabad,B1,Operation,Male,1.02,> 1 & < =3,5.07,Single,28.04,Direct,Promoted,Yes,Stay
401,Arnab,9876544345,Pune,B1,Operation,Male,1.05,> 1 & < =3,6.04,Single,29.09,Direct,Promoted,Yes,Stay
123,Dwane,9876544345,Bangalore,B1,Operation,Female,0.08,< =1,5.05,Single,29.09,Direct,Promoted,No,Left
184,Dwane,9876544345,Chennai,B2,Operation,Male,0.1,< =1,12.08,Marr.,38.0,Employee Referral,Non Promoted,Yes,Stay
203,Dwane,9876544345,Bangalore,B1,Operation,Male,0.11,< =1,4.11,Single,28.0,Direct,Promoted,No,Left
439,Arnab,9876544345,Madurai,B2,Operation,Male,1.06,> 1 & < =3,7.09,Marr.,33.08,Direct,Promoted,Yes,Stay
247,Dwane,9876544345,Noida,B1,Operation,Male,1.0,< =1,1.09,Single,26.09,Direct,Non Promoted,Yes,Stay
416,Arnab,9876544345,Bangalore,B2,Operation,Female,1.05,> 1 & < =3,6.05,Single,27.03,Direct,Non Promoted,No,Left
798,Shiv,9876544345,Noida,B3,Operation,Male,2.09,> 1 & < =3,8.09,Single,34.03,Direct,Non Promoted,Yes,Stay
130,Dwane,9876544345,Chennai,B2,Operation,Male,0.08,< =1,10.09,Marr.,36.0,Direct,Non Promoted,Yes,Stay
638,Papu,9876544345,Lucknow,B2,Operation,Male,2.03,> 1 & < =3,6.11,Marr.,29.06,Employee Referral,Non Promoted,Yes,Stay
403,Arnab,9876544345,Pune,B1,Operation,Male,1.05,> 1 & < =3,5.0,Marr.,29.02,Direct,Non Promoted,Yes,Stay
708,Papu,9876544345,Noida,B2,Operation,Male,2.05,> 1 & < =3,9.05,Marr.,36.11,Direct,Non Promoted,Yes,Stay
696,Papu,9876544345,Chennai,B2,Operation,Male,2.06,> 1 & < =3,5.06,Marr.,32.04,Employee Referral,Non Promoted,No,Left
820,Shiv,9876544345,Chennai,B1,Operation,Female,2.1,> 1 & < =3,4.1,Single,26.06,Agency,Non Promoted,No,Left
220,Dwane,9876544345,Noida,B1,Support,Male,0.11,< =1,3.01,Single,27.11,Direct,Promoted,Yes,Stay
642,Papu,9876544345,Noida,B2,Operation,Male,2.02,> 1 & < =3,5.1,Single,34.07,Direct,Non Promoted,Yes,Left
822,Shiv,9876544345,Bangalore,B3,Operation,Male,2.1,> 1 & < =3,9.04,Marr.,36.08,Agency,Non Promoted,No,Left
679,Papu,9876544345,Noida,B1,Operation,Male,2.07,> 1 & < =3,2.07,Single,27.07,Direct,Non Promoted,Yes,Stay
825,Shiv,9876544345,Noida,B3,Operation,Male,2.1,> 1 & < =3,9.1,Single,33.02,Agency,Non Promoted,No,Left
625,Papu,9876544345,Chennai,B1,Operation,Female,2.02,> 1 & < =3,4.09,Single,27.06,Direct,Promoted,Yes,Stay
755,Papu,9876544345,Chennai,B1,Operation,Male,2.09,> 1 & < =3,2.09,Single,26.07,Direct,Non Promoted,Yes,Stay
856,Shiv,9876544345,Chennai,B1,Operation,Male,2.11,> 1 & < =3,5.07,Single,28.07,Direct,Promoted,No,Left
387,Arnab,9876544345,Hyderabad,B1,Operation,Male,1.05,> 1 & < =3,5.1,Marr.,28.02,Direct,Non Promoted,Yes,Left
875,Shiv,9876544345,Pune,B1,Operation,Male,3.0,> 1 & < =3,5.02,Marr.,29.06,Agency,Promoted,No,Stay
510,Arnab,9876544345,Chennai,B1,Operation,Female,1.1,> 1 & < =3,1.1,Single,23.06,Direct,Promoted,No,Left
268,Arnab,9876544345,Bangalore,B2,Operation,Male,1.01,> 1 & < =3,6.05,Marr.,29.09,Direct,Non Promoted,Yes,Stay
740,Papu,9876544345,Noida,B1,Support,Female,2.07,> 1 & < =3,5.09,Single,28.03,Direct,Promoted,Yes,Stay
442,Arnab,9876544345,Chennai,B1,Operation,Male,1.06,> 1 & < =3,4.1,Single,28.07,Direct,Non Promoted,Yes,Stay
497,Arnab,9876544345,Bangalore,B1,Operation,Female,1.09,> 1 & < =3,2.1,Single,25.02,Direct,Non Promoted,Yes,Stay
113,Dwane,9876544345,Noida,B1,Operation,Male,0.08,< =1,4.08,Single,27.1,Direct,Promoted,No,Left
233,Dwane,9876544345,Bangalore,B1,Operation,Male,1.0,< =1,3.06,Single,29.05,Agency,Promoted,No,Left
858,Shiv,9876544345,Noida,B2,Operation,Male,2.11,> 1 & < =3,11.03,Marr.,35.11,Direct,Promoted,No,Stay
608,Papu,9876544345,Chennai,B1,Operation,Male,2.03,> 1 & < =3,2.03,Single,24.06,Direct,Promoted,No,Left
672,Papu,9876544345,Chennai,B2,Operation,Female,2.05,> 1 & < =3,7.05,Marr.,33.03,Direct,Promoted,Yes,Stay
374,Arnab,9876544345,Chennai,B2,Operation,Male,1.04,> 1 & < =3,8.0,Marr.,35.07,Agency,Promoted,Yes,Stay
884,Shiv,9876544345,Noida,B2,Support,Female,0.06,< =1,5.06,Marr.,29.03,Employee Referral,Non Promoted,Yes,Stay
759,Papu,9876544345,Noida,B1,Operation,Male,2.08,> 1 & < =3,2.08,Single,28.09,Direct,Non Promoted,No,Left
234,Dwane,9876544345,Pune,B2,Operation,Female,1.0,< =1,6.02,Marr.,29.05,Direct,Non Promoted,Yes,Stay
709,Papu,9876544345,Chennai,B1,Operation,Male,2.05,> 1 & < =3,4.1,Single,26.08,Agency,Non Promoted,Yes,Stay
677,Papu,9876544345,Bangalore,B1,Operation,Male,2.05,> 1 & < =3,4.1,Single,29.07,Direct,Promoted,No,Left
318,Arnab,9876544345,Noida,B2,Operation,Male,1.03,> 1 & < =3,7.07,Marr.,35.05,Agency,Non Promoted,Yes,Stay
649,Papu,9876544345,Chennai,B2,Operation,Male,2.03,> 1 & < =3,7.05,Marr.,31.03,Direct,Promoted,Yes,Stay
411,Arnab,9876544345,Noida,B7,Support,Male,1.05,> 1 & < =3,21.06,Marr.,45.05,Direct,Promoted,Yes,Stay
808,Shiv,9876544345,Chennai,B1,Operation,Female,2.09,> 1 & < =3,2.09,Marr.,24.08,Direct,Promoted,No,Left
359,Arnab,9876544345,Chennai,B2,Operation,Male,1.04,> 1 & < =3,8.04,Marr.,32.05,Direct,Promoted,No,Stay
259,Arnab,9876544345,Bangalore,B2,Operation,Male,1.0,< =1,6.09,Single,30.02,Direct,Promoted,Yes,Stay
628,Papu,9876544345,Chennai,B1,Operation,Male,2.03,> 1 & < =3,2.03,Single,25.1,Direct,Non Promoted,Yes,Stay
633,Papu,9876544345,Chennai,B1,Operation,Male,2.03,> 1 & < =3,2.03,Single,24.09,Direct,Promoted,No,Left
283,Arnab,9876544345,Gurgaon,B1,Operation,Male,1.01,> 1 & < =3,3.07,Single,25.06,Direct,Non Promoted,Yes,Stay
377,Arnab,9876544345,Chennai,B2,Operation,Male,1.04,> 1 & < =3,5.04,Marr.,31.1,Direct,Promoted,No,Left
385,Arnab,9876544345,Madurai,B1,Operation,Male,1.05,> 1 & < =3,5.07,Marr.,27.07,Direct,Promoted,No,Left
225,Dwane,9876544345,Noida,B1,Operation,Male,1.0,< =1,2.08,Single,26.0,Agency,Non Promoted,No,Left
866,Shiv,9876544345,Noida,B2,Operation,Male,3.0,> 1 & < =3,8.07,Marr.,34.07,Agency,Non Promoted,Yes,Stay
735,Papu,9876544345,Bangalore,B2,Operation,Male,2.06,> 1 & < =3,8.08,Marr.,31.07,Agency,Non Promoted,No,Left
473,Arnab,9876544345,Chennai,B1,Operation,Female,1.07,> 1 & < =3,1.07,Marr.,25.03,Direct,Non Promoted,Yes,Stay
348,Arnab,9876544345,Chennai,B1,Operation,Female,1.03,> 1 & < =3,5.03,Single,27.07,Direct,Promoted,No,Stay
506,Arnab,9876544345,Noida,B1,Operation,Male,1.09,> 1 & < =3,7.11,Marr.,35.04,Direct,Promoted,Yes,Stay
640,Papu,9876544345,Chennai,B2,Operation,Male,2.02,> 1 & < =3,6.04,Marr.,29.04,Direct,Non Promoted,No,Left
890,Rahul,9876544345,Noida,B1,Operation,Male,1.08,> 1 & < =3,4.02,Single,27.01,Direct,Promoted,No,Left
834,Shiv,9876544345,Chennai,B1,Operation,Male,2.11,> 1 & < =3,2.11,Single,26.1,Direct,Non Promoted,Yes,Stay
813,Shiv,9876544345,Lucknow,B1,Operation,Female,2.1,> 1 & < =3,2.1,Marr.,29.11,Direct,Non Promoted,Yes,Stay
620,Papu,9876544345,Chennai,B0,Operation,Female,2.02,> 1 & < =3,2.02,Marr.,27.09,Direct,Non Promoted,Yes,Stay
769,Shiv,9876544345,Bangalore,B2,Operation,Male,2.08,> 1 & < =3,4.08,Single,31.01,Employee Referral,Non Promoted,Yes,Stay
646,Papu,9876544345,Chennai,B1,Operation,Female,2.03,> 1 & < =3,4.07,Single,27.04,Direct,Non Promoted,Yes,Stay
762,Shiv,9876544345,Noida,B1,Operation,Male,2.08,> 1 & < =3,6.04,Single,29.05,Direct,Non Promoted,Yes,Stay
557,Arnab,9876544345,Noida,B2,Operation,Male,2.0,> 1 & < =3,8.03,Marr.,32.11,Direct,Non Promoted,Yes,Stay
900,Rahul,9876544345,Vijayawada,B1,Operation,Female,0.03,< =1,0.03,Single,22.01,Direct,Non Promoted,,Left
578,Papu,9876544345,Bangalore,B2,Operation,Male,2.01,> 1 & < =3,24.01,Marr.,52.06,Direct,Non Promoted,Yes,Stay
86,shruti,9876544345,Hyderabad,B1,Operation,Female,0.07,< =1,,NTBD,24.03,Direct,Promoted,Yes,Stay
243,Dwane,9876544345,Hyderabad,B2,Operation,Male,1.0,< =1,5.08,Marr.,32.02,Direct,Non Promoted,Yes,Stay
699,Papu,9876544345,Chennai,B1,Operation,Male,2.07,> 1 & < =3,2.07,Single,26.03,Direct,Non Promoted,Yes,Stay
160,Dwane,9876544345,Pune,B1,Operation,Male,0.1,< =1,4.04,Marr.,26.12,Direct,Promoted,Yes,Stay
525,Arnab,9876544345,Chennai,B3,Operation,Male,1.1,> 1 & < =3,9.1,Single,32.07,Direct,Promoted,Yes,Stay
36,shruti,9876544345,Noida,B3,Operation,Male,0.03,< =1,9.07,Marr.,36.04,Direct,Promoted,No,Left
541,Arnab,9876544345,Noida,B1,Operation,Female,2.0,> 1 & < =3,2.0,Single,27.03,Direct,Promoted,Yes,Stay
171,Dwane,9876544345,Chennai,B2,Operation,Female,0.1,< =1,9.05,Single,36.07,Agency,Non Promoted,No,Left
655,Papu,9876544345,Chennai,B1,Operation,Female,2.04,> 1 & < =3,2.04,Single,24.06,Direct,Non Promoted,Yes,Stay
771,Shiv,9876544345,Bangalore,B1,Operation,Female,2.08,> 1 & < =3,2.08,Marr.,27.09,Direct,Non Promoted,No,Left
763,Shiv,9876544345,Chennai,B1,Operation,Male,2.07,> 1 & < =3,5.03,Single,28.07,Agency,Non Promoted,Yes,Left
849,Shiv,9876544345,Hyderabad,B1,Operation,Male,2.11,> 1 & < =3,3.07,Single,31.07,Direct,Non Promoted,Yes,Stay
734,Papu,9876544345,Hyderabad,B2,Operation,Male,2.07,> 1 & < =3,11.07,Marr.,39.07,Employee Referral,Non Promoted,Yes,Stay
96,Dwane,9876544345,Noida,B2,Operation,Male,0.07,< =1,5.01,Single,25.09,Direct,Promoted,No,Left
564,Papu,9876544345,Chennai,B2,Operation,Female,2.0,> 1 & < =3,9.05,Single,35.02,Employee Referral,Non Promoted,No,Stay
241,Dwane,9876544345,Noida,B1,Operation,Female,1.0,< =1,2.05,Single,27.0,Agency,Non Promoted,No,Left
575,Papu,9876544345,Bangalore,B1,Operation,Male,2.01,> 1 & < =3,2.08,Single,25.07,Direct,Promoted,No,Left
691,Papu,9876544345,Madurai,B2,Operation,Male,2.05,> 1 & < =3,9.05,Marr.,31.07,Direct,Non Promoted,Yes,Stay
461,Arnab,9876544345,Noida,B2,Operation,Male,1.06,> 1 & < =3,9.01,Marr.,32.06,Direct,Non Promoted,Yes,Stay
554,Arnab,9876544345,Hyderabad,B1,Operation,Male,2.02,> 1 & < =3,2.02,Single,24.07,Direct,Promoted,No,Left
789,Shiv,9876544345,Chennai,B2,Operation,Female,2.09,> 1 & < =3,4.01,Marr.,30.06,Employee Referral,Promoted,Yes,Stay
207,Dwane,9876544345,Chennai,B2,Operation,Male,0.11,< =1,5.04,Marr.,30.06,Direct,Non Promoted,No,Stay
393,Arnab,9876544345,Chennai,B1,Operation,Female,1.05,> 1 & < =3,3.11,Single,25.09,Direct,Non Promoted,Yes,Stay
398,Arnab,9876544345,Chennai,B4,Operation,Male,1.05,> 1 & < =3,18.05,Marr.,47.09,Direct,Promoted,No,Stay
795,Shiv,9876544345,Noida,B2,Operation,Male,2.09,> 1 & < =3,4.09,Single,31.0,Employee Referral,Non Promoted,Yes,Stay
218,Dwane,9876544345,Bangalore,B4,Operation,Male,0.11,< =1,15.11,Marr.,41.02,Employee Referral,Non Promoted,Yes,Stay
5,sid,9876544345,Lucknow,B2,Operation,Male,0.0,< =1,7.0,Marr.,32.05,Direct,Non Promoted,Yes,Stay
643,Papu,9876544345,Chennai,B1,Operation,Male,2.03,> 1 & < =3,6.05,Marr.,27.06,Direct,Non Promoted,No,Stay
807,Shiv,9876544345,Bangalore,B2,Operation,Male,2.1,> 1 & < =3,7.1,Single,29.1,Direct,Non Promoted,Yes,Stay
613,Papu,9876544345,Bangalore,B1,Operation,Male,2.03,> 1 & < =3,2.03,Marr.,29.09,Direct,Non Promoted,Yes,Stay
739,Papu,9876544345,Pune,B2,Operation,Male,2.07,> 1 & < =3,11.07,Marr.,35.04,Agency,Promoted,No,Left
547,Arnab,9876544345,Pune,B1,Operation,Male,1.11,> 1 & < =3,3.05,Single,25.05,Employee Referral,Non Promoted,Yes,Stay
726,Papu,9876544345,Noida,B1,Operation,Male,2.07,> 1 & < =3,2.07,Single,27.03,Direct,Promoted,No,Left
684,Papu,9876544345,Noida,B1,Operation,Female,2.04,> 1 & < =3,2.04,Single,24.01,Direct,Promoted,Yes,Stay
99,Dwane,9876544345,Noida,B2,Operation,Male,0.07,< =1,5.01,Single,28.06,Employee Referral,Non Promoted,Yes,Stay
728,Papu,9876544345,Bangalore,B1,Operation,Male,2.07,> 1 & < =3,2.07,Single,25.09,Direct,Promoted,Yes,Stay
574,Papu,9876544345,Bangalore,B2,Operation,Male,2.01,> 1 & < =3,7.03,Single,31.07,Agency,Promoted,Yes,Stay
407,Arnab,9876544345,Hyderabad,B1,Operation,Male,1.05,> 1 & < =3,3.0,Single,25.09,Direct,Non Promoted,Yes,Stay
503,Arnab,9876544345,Chennai,B1,Operation,Male,1.09,> 1 & < =3,5.11,Single,29.08,Direct,Promoted,No,Left
48,shruti,9876544345,Noida,B1,Operation,Male,0.04,< =1,0.1,Single,23.06,Direct,Non Promoted,No,Left
33,shruti,9876544345,Chennai,B2,Operation,Female,0.04,< =1,6.1,Marr.,32.04,Agency,Non Promoted,No,Stay
201,Dwane,9876544345,Noida,B2,Support,Female,0.11,< =1,7.04,Marr.,30.02,Direct,Non Promoted,Yes,Stay
135,Dwane,9876544345,Nagpur,B1,Operation,Female,0.08,< =1,0.09,Marr.,30.01,Direct,Non Promoted,No,Stay
28,shruti,9876544345,Bangalore,B2,Operation,Male,0.03,< =1,8.03,Marr.,35.07,Direct,Promoted,No,Stay
791,Shiv,9876544345,Chennai,B3,Operation,Male,2.09,> 1 & < =3,12.1,Marr.,40.07,Direct,Non Promoted,No,Left
231,Dwane,9876544345,Pune,B3,Operation,Male,1.0,< =1,15.0,Marr.,38.09,Direct,Non Promoted,Yes,Left
490,Arnab,9876544345,Noida,B1,Operation,Male,1.08,> 1 & < =3,3.08,Single,26.1,Direct,Non Promoted,Yes,Stay
773,Shiv,9876544345,Chennai,B1,Operation,Female,2.1,> 1 & < =3,2.1,Single,24.08,Direct,Non Promoted,No,Left
379,Arnab,9876544345,Bangalore,B1,Operation,Male,1.04,> 1 & < =3,6.0,Single,28.11,Direct,Promoted,No,Left
289,Arnab,9876544345,Chennai,B1,Operation,Female,1.02,> 1 & < =3,2.02,Single,24.06,Direct,Non Promoted,Yes,Stay
419,Arnab,9876544345,Noida,B2,Operation,Male,1.05,> 1 & < =3,6.05,Single,29.01,Agency,Non Promoted,Yes,Stay
675,Papu,9876544345,Chennai,B1,Operation,Female,2.04,> 1 & < =3,2.04,Single,24.02,Direct,Promoted,No,Left
392,Arnab,9876544345,Noida,B1,Operation,Female,1.05,> 1 & < =3,2.04,Single,24.05,Direct,Promoted,No,Left
593,Papu,9876544345,Chennai,B1,Operation,Male,2.01,> 1 & < =3,2.08,Single,24.05,Direct,Non Promoted,Yes,Stay
499,Arnab,9876544345,Noida,B2,Operation,Male,1.09,> 1 & < =3,8.02,Marr.,33.08,Direct,Promoted,Yes,Stay
139,Dwane,9876544345,Chennai,B3,Operation,Male,0.09,< =1,12.09,Marr.,35.12,Direct,Non Promoted,Yes,Stay
63,shruti,9876544345,Pune,B2,Operation,Female,0.06,< =1,8.06,Marr.,31.02,Direct,Promoted,No,Stay
472,Arnab,9876544345,Chennai,B1,Operation,Female,1.08,> 1 & < =3,5.0,Marr.,26.07,Direct,Promoted,No,Stay
648,Papu,9876544345,Bangalore,B1,Operation,Male,2.03,> 1 & < =3,5.03,Single,28.1,Employee Referral,Promoted,No,Left
129,Dwane,9876544345,Chennai,B2,Operation,Male,0.09,< =1,5.05,Marr.,29.02,Employee Referral,Promoted,Yes,Stay
879,Shiv,9876544345,Noida,B1,Operation,Male,3.0,> 1 & < =3,4.02,Single,27.04,Direct,Promoted,Yes,Stay
521,Arnab,9876544345,Bangalore,B2,Operation,Male,1.1,> 1 & < =3,6.0,Single,26.06,Direct,Promoted,No,Stay
65,shruti,9876544345,Pune,B1,Operation,Female,0.05,< =1,3.04,Single,28.06,Direct,Non Promoted,Yes,Stay
15,sid,9876544345,Madurai,B3,Operation,Male,0.02,< =1,11.02,Marr.,39.07,Direct,Promoted,No,Stay
157,Dwane,9876544345,Bangalore,B1,Operation,Female,0.09,< =1,2.0,Single,24.02,Agency,Promoted,Yes,Stay
41,shruti,9876544345,Bangalore,B3,Operation,Male,0.04,< =1,15.04,Marr.,43.0,Direct,Promoted,Yes,Stay
493,Arnab,9876544345,Noida,B1,Operation,Female,1.08,> 1 & < =3,1.09,Single,24.05,Direct,Promoted,No,Left
380,Arnab,9876544345,Noida,B1,Operation,Female,1.05,> 1 & < =3,4.05,Single,27.08,Direct,Promoted,No,Stay
188,Dwane,9876544345,Noida,B2,Operation,Male,0.1,< =1,3.0,Single,26.05,Direct,Promoted,No,Left
764,Shiv,9876544345,Noida,B1,Support,Male,2.08,> 1 & < =3,4.1,Single,27.09,Employee Referral,Non Promoted,Yes,Stay
217,Dwane,9876544345,Pune,B1,Operation,Male,1.0,< =1,4.0,Single,25.05,Direct,Non Promoted,Yes,Stay
792,Shiv,9876544345,Chennai,B2,Operation,Male,2.09,> 1 & < =3,6.02,Marr.,31.06,Agency,Non Promoted,Yes,Stay
53,shruti,9876544345,Noida,B1,Operation,Male,0.05,< =1,1.02,Single,23.08,Agency,Non Promoted,Yes,Stay
338,Arnab,9876544345,Hyderabad,B2,Operation,Female,1.03,> 1 & < =3,7.06,Marr.,37.06,Direct,Promoted,No,Stay
749,Papu,9876544345,Chennai,B1,Operation,Female,2.07,> 1 & < =3,6.1,Single,30.05,Direct,Promoted,No,Left
720,Papu,9876544345,Noida,B3,Operation,Male,2.06,> 1 & < =3,12.06,Single,33.05,Employee Referral,Non Promoted,Yes,Stay
725,Papu,9876544345,Noida,B1,Operation,Male,2.07,> 1 & < =3,2.07,Single,26.08,Direct,Promoted,No,Left
296,Arnab,9876544345,Noida,B6,Support,Male,1.02,> 1 & < =3,14.02,Marr.,40.06,Direct,Promoted,Yes,Stay
702,Papu,9876544345,Noida,B1,Operation,Male,2.08,> 1 & < =3,2.08,Single,25.01,Direct,Promoted,No,Left
252,Arnab,9876544345,Noida,B1,Operation,Male,1.0,< =1,3.04,Single,24.01,Direct,Non Promoted,Yes,Stay
727,Papu,9876544345,Bangalore,B1,Operation,Male,2.07,> 1 & < =3,2.09,Single,26.1,Direct,Promoted,No,Left
462,Arnab,9876544345,Nagpur,B1,Operation,Male,1.07,> 1 & < =3,4.01,Single,28.08,Direct,Non Promoted,No,Left
456,Arnab,9876544345,Noida,B3,Operation,Male,1.07,> 1 & < =3,11.07,Marr.,38.06,Direct,Non Promoted,Yes,Stay
899,Rahul,9876544345,Vijayawada,B1,Operation,Female,0.03,< =1,0.03,Single,22.02,Direct,Non Promoted,Yes,Left
270,Arnab,9876544345,Noida,B2,Operation,Male,1.01,> 1 & < =3,8.06,Marr.,31.03,Direct,Non Promoted,Yes,Stay
202,Dwane,9876544345,Bangalore,B1,Operation,Male,0.11,< =1,3.11,Single,27.01,Direct,Promoted,Yes,Stay
162,Dwane,9876544345,Noida,B1,Operation,Male,0.1,< =1,4.1,Single,27.11,Direct,Promoted,No,Left
556,Arnab,9876544345,Noida,B1,Operation,Male,2.0,> 1 & < =3,6.08,Marr.,31.0,Direct,Promoted,No,Stay
730,Papu,9876544345,Chennai,B1,Operation,Male,2.07,> 1 & < =3,2.09,Marr.,26.09,Direct,Promoted,No,Left
402,Arnab,9876544345,Hyderabad,B1,Operation,Male,1.05,> 1 & < =3,4.08,Single,27.08,Direct,Non Promoted,Yes,Stay
703,Papu,9876544345,Chennai,B1,Operation,Male,2.06,> 1 & < =3,2.07,Single,25.02,Direct,Promoted,No,Left
477,Arnab,9876544345,Bangalore,B1,Operation,Female,1.08,> 1 & < =3,1.08,Single,23.1,Direct,Promoted,No,Left
772,Shiv,9876544345,Noida,B1,Operation,Male,2.08,> 1 & < =3,6.08,Marr.,30.06,Agency,Promoted,No,Stay
106,Dwane,9876544345,Noida,B2,Operation,Male,0.08,< =1,7.08,Single,30.04,Agency,Promoted,No,Left
566,Papu,9876544345,Chennai,B1,Operation,Male,2.0,> 1 & < =3,2.0,Single,27.05,Direct,Promoted,Yes,Stay
390,Arnab,9876544345,Noida,B3,Support,Male,1.05,> 1 & < =3,8.07,Marr.,37.04,Direct,Promoted,No,Stay
2,sid,9876544345,Noida,B7,Support,Male,0.0,< =1,13.0,Marr.,38.08,Direct,Promoted,No,Stay
842,Shiv,9876544345,Noida,B2,Operation,Male,2.11,> 1 & < =3,8.11,Marr.,35.06,Direct,Non Promoted,Yes,Stay
562,Papu,9876544345,Chennai,B1,Operation,Female,2.02,> 1 & < =3,2.02,Marr.,26.06,Direct,Promoted,No,Stay
81,shruti,9876544345,Pune,B2,Operation,Male,0.06,< =1,8.06,Marr.,31.05,Agency,Promoted,No,Stay
206,Dwane,9876544345,Chennai,B2,Operation,Male,0.11,< =1,6.08,Single,28.07,Direct,Non Promoted,Yes,Stay
35,shruti,9876544345,Noida,B2,Operation,Male,0.04,< =1,7.04,Marr.,32.02,Agency,Non Promoted,No,Stay
776,Shiv,9876544345,Chennai,B1,Operation,Male,2.09,> 1 & < =3,2.09,Single,25.1,Direct,Non Promoted,Yes,Stay
509,Arnab,9876544345,Bangalore,B3,Operation,Male,1.1,> 1 & < =3,11.1,Marr.,43.1,Agency,Promoted,No,Stay
428,Arnab,9876544345,Chennai,B2,Operation,Male,1.05,> 1 & < =3,6.11,Single,28.05,Direct,Non Promoted,No,Left
455,Arnab,9876544345,Chennai,B2,Operation,Male,1.06,> 1 & < =3,3.11,Marr.,28.03,Employee Referral,Promoted,Yes,Stay
367,Arnab,9876544345,Chennai,B1,Operation,Female,1.04,> 1 & < =3,2.0,Single,23.02,Direct,Non Promoted,Yes,Stay
92,shruti,9876544345,Chennai,B3,Sales,Male,0.07,< =1,0.07,Single,26.07,Direct,Non Promoted,No,Left
340,Arnab,9876544345,Noida,B2,Operation,Male,1.03,> 1 & < =3,7.05,Marr.,30.05,Direct,Non Promoted,Yes,Stay
565,Papu,9876544345,Chennai,B1,Operation,Male,2.0,> 1 & < =3,3.04,Single,25.11,Direct,Promoted,No,Left
346,Arnab,9876544345,Pune,B2,Operation,Male,1.03,> 1 & < =3,6.08,Marr.,32.1,Employee Referral,Promoted,No,Left
777,Shiv,9876544345,Noida,B1,Operation,Male,2.09,> 1 & < =3,2.09,Single,25.07,Direct,Promoted,No,Left
242,Dwane,9876544345,Chennai,B1,Operation,Male,1.0,< =1,3.08,Marr.,29.01,Direct,Non Promoted,Yes,Stay
14,sid,9876544345,Nagpur,B2,Operation,other,0.02,< =1,6.09,Marr.,32.07,Direct,Non Promoted,No,Left
316,Arnab,9876544345,Chennai,B1,Operation,Male,1.03,> 1 & < =3,5.03,Single,27.12,Direct,Promoted,No,Stay
601,Papu,9876544345,Chennai,B1,Operation,Male,2.03,> 1 & < =3,2.03,Marr.,29.07,Direct,Promoted,Yes,Stay
388,Arnab,9876544345,Noida,B2,Operation,Female,1.04,> 1 & < =3,5.1,Marr.,29.04,Employee Referral,Promoted,Yes,Stay
274,Arnab,9876544345,Chennai,B2,Operation,Male,1.01,> 1 & < =3,8.03,Single,30.02,Direct,Promoted,Yes,Stay
167,Dwane,9876544345,Bangalore,B1,Operation,Male,0.1,< =1,3.09,Single,25.07,Agency,Non Promoted,No,Left
841,Shiv,9876544345,Hyderabad,B1,Operation,Male,2.1,> 1 & < =3,2.1,Single,28.09,Direct,Non Promoted,Yes,Stay
895,Rahul,9876544345,Vijayawada,B1,Operation,Male,0.03,< =1,0.03,Single,22.05,Direct,Non Promoted,No,Left
647,Papu,9876544345,Chennai,B1,Operation,Male,2.03,> 1 & < =3,2.03,Single,24.07,Direct,Non Promoted,No,Left
819,Shiv,9876544345,Noida,B2,Operation,Male,2.09,> 1 & < =3,8.09,Single,36.06,Employee Referral,Non Promoted,No,Left
485,Arnab,9876544345,Lucknow,B1,Support,Male,1.08,> 1 & < =3,6.08,Single,28.03,Direct,Promoted,No,Stay
883,Shiv,9876544345,Chennai,B1,Operation,Female,0.04,< =1,3.07,Marr.,27.02,Agency,Promoted,No,Stay
505,Arnab,9876544345,Chennai,B1,Operation,Male,1.08,> 1 & < =3,7.0,Single,30.11,Direct,Promoted,Yes,Stay
832,Shiv,9876544345,Chennai,B1,Operation,Female,2.1,> 1 & < =3,2.1,Single,25.05,Direct,Promoted,Yes,Stay
244,Dwane,9876544345,Bangalore,B2,Operation,Female,1.0,< =1,9.0,Marr.,30.07,Direct,Non Promoted,No,Stay
567,Papu,9876544345,Chennai,B1,Operation,Male,2.0,> 1 & < =3,2.0,Single,23.07,Direct,Promoted,Yes,Stay
563,Papu,9876544345,Chennai,B1,Operation,Male,2.02,> 1 & < =3,2.02,Single,27.09,Direct,Non Promoted,Yes,Stay
687,Papu,9876544345,Bangalore,B2,Operation,Male,2.05,> 1 & < =3,5.05,Single,32.1,Agency,Promoted,No,Stay
190,Dwane,9876544345,Bangalore,B1,Operation,Male,1.0,< =1,1.0,Single,23.03,Direct,Non Promoted,Yes,Stay
783,Shiv,9876544345,Bangalore,B2,Operation,Male,2.09,> 1 & < =3,8.09,Marr.,33.07,Direct,Non Promoted,No,Left
700,Papu,9876544345,Noida,B1,Operation,Male,2.07,> 1 & < =3,2.07,Single,25.1,Direct,Non Promoted,Yes,Stay
476,Arnab,9876544345,Chennai,B2,Operation,Male,1.08,> 1 & < =3,7.1,Marr.,35.06,Direct,Promoted,No,Stay
682,Papu,9876544345,Noida,B1,Operation,Male,2.06,> 1 & < =3,2.06,Single,25.06,Direct,Non Promoted,Yes,Stay
511,Arnab,9876544345,Noida,B1,Operation,Male,1.09,> 1 & < =3,3.02,Single,28.02,Direct,Promoted,Yes,Stay
59,shruti,9876544345,Chennai,B1,Operation,Male,0.05,< =1,4.09,Marr.,30.04,Direct,Promoted,No,Stay
475,Arnab,9876544345,Chennai,B1,Operation,Male,1.07,> 1 & < =3,3.08,Single,26.11,Direct,Promoted,No,Left
561,Papu,9876544345,Chennai,B1,Operation,Male,2.01,> 1 & < =3,2.01,Single,26.02,Direct,Non Promoted,No,Left
857,Shiv,9876544345,Bangalore,B1,Operation,Male,2.11,> 1 & < =3,6.05,Single,30.03,Direct,Promoted,No,Left
748,Papu,9876544345,Bangalore,B2,Operation,Male,2.07,> 1 & < =3,11.01,Marr.,36.07,Direct,Non Promoted,No,Left
253,Arnab,9876544345,Madurai,B1,Operation,Male,1.0,< =1,7.02,Marr.,32.06,Direct,Non Promoted,Yes,Stay
22,shruti,9876544345,Bangalore,B1,Operation,Female,0.03,< =1,0.03,Single,21.05,Direct,Non Promoted,Yes,Stay
314,Arnab,9876544345,Bangalore,B2,Operation,Male,1.02,> 1 & < =3,6.05,Marr.,28.1,Direct,Non Promoted,No,Left
460,Arnab,9876544345,Bangalore,B1,Operation,Male,1.06,> 1 & < =3,4.06,Single,26.11,Employee Referral,Promoted,Yes,Stay
161,Dwane,9876544345,Pune,B2,Operation,other,0.1,< =1,8.01,Single,35.09,Agency,Non Promoted,Yes,Stay
277,Arnab,9876544345,Chennai,B1,Operation,Male,1.01,> 1 & < =3,2.05,Single,25.03,Direct,Promoted,No,Left
192,Dwane,9876544345,Noida,B4,Sales,Male,0.11,< =1,11.11,Marr.,38.04,Direct,Promoted,Yes,Stay
386,Arnab,9876544345,Bangalore,B1,Operation,Male,1.05,> 1 & < =3,3.06,Single,26.1,Direct,Promoted,Yes,Stay
806,Shiv,9876544345,Hyderabad,B2,Operation,Male,2.1,> 1 & < =3,7.1,Single,30.07,Direct,Promoted,No,Stay
414,Arnab,9876544345,Noida,B1,Operation,Female,1.05,> 1 & < =3,4.09,Single,28.05,Direct,Non Promoted,Yes,Stay
492,Arnab,9876544345,Hyderabad,B1,Operation,Male,1.08,> 1 & < =3,3.1,Single,27.07,Direct,Promoted,No,Left
344,Arnab,9876544345,Pune,B1,Operation,Female,1.03,> 1 & < =3,4.08,Single,26.05,Direct,Promoted,Yes,Stay
770,Shiv,9876544345,Pune,B1,Operation,Male,2.09,> 1 & < =3,5.09,Single,28.1,Direct,Non Promoted,No,Left
309,Arnab,9876544345,Noida,B1,Support,Male,1.02,> 1 & < =3,3.07,Single,28.06,Direct,Promoted,No,Left
662,Papu,9876544345,Mumbai,B1,Operation,Male,2.03,> 1 & < =3,6.11,Marr.,31.02,Employee Referral,Non Promoted,Yes,Stay
131,Dwane,9876544345,Noida,B1,Operation,Male,0.08,< =1,3.02,Single,27.03,Direct,Non Promoted,Yes,Stay
664,Papu,9876544345,Mumbai,B1,Operation,Male,2.04,> 1 & < =3,4.09,Single,28.04,Direct,Non Promoted,Yes,Stay
872,Shiv,9876544345,Noida,B1,Operation,Male,3.0,> 1 & < =3,7.02,Marr.,28.06,Direct,Promoted,No,Stay
100,Dwane,9876544345,Bangalore,B1,Operation,Male,0.07,< =1,2.06,Single,24.1,Direct,Promoted,No,Left
373,Arnab,9876544345,Nagpur,B1,Operation,Male,1.04,> 1 & < =3,4.0,Single,26.05,Direct,Non Promoted,Yes,Stay
88,shruti,9876544345,Bangalore,B1,Operation,Male,0.07,< =1,2.07,Single,27.09,Direct,Non Promoted,Yes,Stay
459,Arnab,9876544345,Bangalore,B1,Operation,Male,1.07,> 1 & < =3,2.07,Single,25.12,Direct,Non Promoted,Yes,Stay
331,Arnab,9876544345,Pune,B2,Operation,Male,1.03,> 1 & < =3,11.08,Marr.,34.06,Direct,Promoted,Yes,Stay
215,Dwane,9876544345,Chennai,B1,Operation,Female,1.0,< =1,3.06,Marr.,26.11,Direct,Non Promoted,Yes,Stay
467,Arnab,9876544345,Bangalore,B2,Operation,Female,1.07,> 1 & < =3,11.02,Marr.,33.08,Direct,Promoted,No,Stay
122,Dwane,9876544345,Chennai,B3,Operation,Male,0.08,< =1,15.03,Marr.,50.07,Employee Referral,Promoted,No,Stay
615,Papu,9876544345,Chennai,B2,Operation,Male,2.02,> 1 & < =3,7.04,Single,30.01,Employee Referral,Promoted,No,Stay
21,shruti,9876544345,Hyderabad,B1,Operation,Male,0.03,< =1,4.03,Single,27.07,Direct,Promoted,No,Left
701,Papu,9876544345,Noida,B1,Operation,Male,2.07,> 1 & < =3,2.07,Single,25.1,Direct,Promoted,Yes,Stay
72,shruti,9876544345,Chennai,B2,Operation,Female,0.06,< =1,6.03,Marr.,28.08,Direct,Non Promoted,Yes,Stay
107,Dwane,9876544345,Bangalore,B2,Operation,Male,0.07,< =1,4.1,Single,29.05,Direct,Promoted,No,Left
271,Arnab,9876544345,Nagpur,B1,Operation,Female,1.01,> 1 & < =3,1.01,Marr.,29.04,Direct,Non Promoted,Yes,Stay
861,Shiv,9876544345,Chennai,B1,Operation,Female,3.0,> 1 & < =3,5.04,Single,27.03,Direct,Promoted,Yes,Stay
436,Arnab,9876544345,Noida,B1,Operation,Female,1.06,> 1 & < =3,3.0,Single,25.02,Direct,Promoted,No,Left
103,Dwane,9876544345,Hyderabad,B2,Operation,Male,0.08,< =1,9.08,Marr.,36.06,Direct,Promoted,No,Stay
